name,position,team,xP,assists,bonus,bps,clean_sheets,creativity,element,fixture,goals_conceded,goals_scored,ict_index,influence,kickoff_time,minutes,opponent_team,own_goals,penalties_missed,penalties_saved,red_cards,round,saves,selected,team_a_score,team_h_score,threat,total_points,transfers_balance,transfers_in,transfers_out,value,was_home,yellow_cards,GW
Eric Bailly,DEF,Man Utd,0,0,0,0,0,0,286,6,0,0,0,0,2021-08-14T11:30:00Z,0,10,0,0,0,0,1,0,9363,1,5,0,0,0,0,0,50,TRUE,0,1
Paul Dummett,DEF,Newcastle,0,0,0,0,0,0,301,9,0,0,0,0,2021-08-15T13:00:00Z,0,19,0,0,0,0,1,0,1515,4,2,0,0,0,0,0,45,TRUE,0,1
Willy Boly,DEF,Wolves,0.4,0,0,0,0,0,428,5,0,0,0,0,2021-08-14T14:00:00Z,0,9,0,0,0,0,1,0,8049,0,1,0,0,0,0,0,50,FALSE,0,1
José Diogo Dalot Teixeira,DEF,Man Utd,2.2,0,0,0,0,0,510,6,0,0,0,0,2021-08-14T11:30:00Z,0,10,0,0,0,0,1,0,4750,1,5,0,0,0,0,0,45,TRUE,0,1
Jamal Baptiste,DEF,West Ham,2,0,0,0,0,0,554,9,0,0,0,0,2021-08-15T13:00:00Z,0,14,0,0,0,0,1,0,0,4,2,0,0,0,0,0,40,FALSE,0,1
Sam Byram,DEF,Norwich,0,0,0,0,0,0,321,7,0,0,0,0,2021-08-14T16:30:00Z,0,11,0,0,0,0,1,0,2098,3,0,0,0,0,0,0,45,TRUE,0,1
Danny Rose,DEF,Watford,1.2,0,0,0,0,0,377,8,0,0,0,0,2021-08-14T14:00:00Z,0,2,0,0,0,0,1,0,47198,2,3,0,0,0,0,0,45,TRUE,0,1
Liam Cooper,DEF,Leeds,1.2,0,0,10,0,10.5,184,6,5,0,3.8,25.4,2021-08-14T11:30:00Z,90,13,0,0,0,0,1,0,21528,1,5,2,-1,0,0,0,45,FALSE,1,1
Frédéric Guilbert,DEF,Aston Villa,1.7,0,0,0,0,0,46,8,0,0,0,0,2021-08-14T14:00:00Z,0,18,0,0,0,0,1,0,1794,2,3,0,0,0,0,0,45,FALSE,0,1
Matt Targett,DEF,Aston Villa,2.7,0,0,4,0,14.8,39,8,2,0,1.8,3,2021-08-14T14:00:00Z,45,18,0,0,0,0,1,0,675492,2,3,0,0,0,0,0,50,FALSE,0,1
Luke Shaw,DEF,Man Utd,3.1,0,0,5,0,28.7,275,6,1,0,4.1,6.2,2021-08-14T11:30:00Z,90,10,0,0,0,0,1,0,3743944,1,5,6,1,0,0,0,55,TRUE,1,1
Emerson Palmieri dos Santos,DEF,Chelsea,2.2,0,0,3,0,0.1,539,3,0,0,0.2,0,2021-08-14T14:00:00Z,4,7,0,0,0,0,1,0,0,0,3,2,1,0,0,0,45,TRUE,0,1
Ashley Young,DEF,Aston Villa,2.7,0,0,13,0,22.7,52,8,3,0,3.7,8.4,2021-08-14T14:00:00Z,90,18,0,0,0,0,1,0,63216,2,3,6,1,0,0,0,50,FALSE,0,1
Christoph Zimmermann,DEF,Norwich,0.7,0,0,0,0,0,324,7,0,0,0,0,2021-08-14T16:30:00Z,0,11,0,0,0,0,1,0,7768,3,0,0,0,0,0,0,45,TRUE,0,1
Shane Duffy,DEF,Brighton,1.5,0,0,22,0,0.2,56,2,1,0,9.2,34.8,2021-08-14T14:00:00Z,90,5,0,0,0,0,1,0,226602,2,1,57,2,0,0,0,40,FALSE,0,1
Reece James,DEF,Chelsea,3.1,0,0,4,0,2.1,142,3,0,0,0.6,2.2,2021-08-14T14:00:00Z,23,7,0,0,0,0,1,0,465500,0,3,2,1,0,0,0,55,TRUE,0,1
Kortney Hause,DEF,Aston Villa,2.2,0,0,0,0,0,36,8,0,0,0,0,2021-08-14T14:00:00Z,0,18,0,0,0,0,1,0,8179,2,3,0,0,0,0,0,45,FALSE,0,1
Tyrone Mings,DEF,Aston Villa,2.7,0,0,12,0,0.8,38,8,3,0,1.6,15.6,2021-08-14T14:00:00Z,90,18,0,0,0,0,1,0,572675,2,3,0,0,0,0,0,50,FALSE,1,1
Björn Engels,DEF,Aston Villa,0,0,0,0,0,0,31,8,0,0,0,0,2021-08-14T14:00:00Z,0,18,0,0,0,0,1,0,95,2,3,0,0,0,0,0,45,FALSE,0,1
Francisco Femenía Far,DEF,Watford,1.2,0,0,0,0,0,382,8,0,0,0,0,2021-08-14T14:00:00Z,0,2,0,0,0,0,1,0,15648,2,3,0,0,0,0,0,45,TRUE,0,1
Héctor Bellerín,DEF,Arsenal,3.2,0,0,0,0,0,9,1,0,0,0,0,2021-08-13T19:00:00Z,0,3,0,0,0,0,1,0,72864,0,2,0,0,0,0,0,50,FALSE,0,1
Wesley Fofana,DEF,Leicester,0,0,0,0,0,0,220,5,0,0,0,0,2021-08-14T14:00:00Z,0,20,0,0,0,0,1,0,60900,0,1,0,0,0,0,0,45,TRUE,0,1
Arthur Masuaku,DEF,West Ham,2,0,0,0,0,0,417,9,0,0,0,0,2021-08-15T13:00:00Z,0,14,0,0,0,0,1,0,5351,4,2,0,0,0,0,0,45,FALSE,0,1
Brandon Williams,DEF,Man Utd,1.5,0,0,0,0,0,290,6,0,0,0,0,2021-08-14T11:30:00Z,0,10,0,0,0,0,1,0,135410,1,5,0,0,0,0,0,40,TRUE,0,1
Jeremy Ngakia,DEF,Watford,1.2,0,0,0,0,0,400,8,0,0,0,0,2021-08-14T14:00:00Z,0,2,0,0,0,0,1,0,4345,2,3,0,0,0,0,0,45,TRUE,0,1
Ben Davies,DEF,Liverpool,2,0,0,0,0,0,248,7,0,0,0,0,2021-08-14T16:30:00Z,0,15,0,0,0,0,1,0,29413,3,0,0,0,0,0,0,40,FALSE,0,1
Trevoh Chalobah,DEF,Chelsea,2.7,0,2,37,1,7,527,3,0,1,6.3,45.4,2021-08-14T14:00:00Z,90,7,0,0,0,0,1,0,8103,0,3,11,14,0,0,0,50,TRUE,0,1
Bali Mumba,DEF,Norwich,0,0,0,0,0,0,515,7,0,0,0,0,2021-08-14T16:30:00Z,0,11,0,0,0,0,1,0,21526,3,0,0,0,0,0,0,40,TRUE,0,1
Fabian Schär,DEF,Newcastle,0.7,0,0,0,0,0,305,9,0,0,0,0,2021-08-15T13:00:00Z,0,19,0,0,0,0,1,0,17533,4,2,0,0,0,0,0,45,TRUE,0,1
Benjamin Chilwell,DEF,Chelsea,3.4,0,0,0,0,0,135,3,0,0,0,0,2021-08-14T14:00:00Z,0,7,0,0,0,0,1,0,896206,0,3,0,0,0,0,0,60,TRUE,0,1
Andrew Robertson,DEF,Liverpool,0,0,0,0,0,0,234,7,0,0,0,0,2021-08-14T16:30:00Z,0,15,0,0,0,0,1,0,106719,3,0,0,0,0,0,0,70,FALSE,0,1
Rayan Ait Nouri,DEF,Wolves,1.2,0,0,0,0,0,470,5,0,0,0,0,2021-08-14T14:00:00Z,0,9,0,0,0,0,1,0,44020,0,1,0,0,0,0,0,45,FALSE,0,1
Michal Karbownik,DEF,Brighton,1.5,0,0,0,0,0,536,2,0,0,0,0,2021-08-14T14:00:00Z,0,5,0,0,0,0,1,0,0,2,1,0,0,0,0,0,40,FALSE,0,1
Ciaran Clark,DEF,Newcastle,0.7,0,0,12,0,11.6,293,9,4,0,5.6,16.6,2021-08-15T13:00:00Z,90,19,0,0,0,0,1,0,9309,4,2,28,0,0,0,0,45,TRUE,0,1
Bobby Thomas,DEF,Burnley,0.5,0,0,0,0,0,534,2,0,0,0,0,2021-08-14T14:00:00Z,0,4,0,0,0,0,1,0,0,2,1,0,0,0,0,0,40,TRUE,0,1
Rhys Williams,DEF,Liverpool,2.7,0,0,0,0,0,247,7,0,0,0,0,2021-08-14T16:30:00Z,0,15,0,0,0,0,1,0,4581,3,0,0,0,0,0,0,45,FALSE,0,1
João Pedro Cavaco Cancelo,DEF,Man City,3.4,0,0,21,0,38.5,256,10,1,0,7.2,21.2,2021-08-15T15:30:00Z,90,17,0,0,0,0,1,0,484049,0,1,12,2,0,0,0,60,FALSE,0,1
Cédric Soares,DEF,Arsenal,2.7,0,0,0,0,0,5,1,0,0,0,0,2021-08-13T19:00:00Z,0,3,0,0,0,0,1,0,17385,0,2,0,0,0,0,0,45,FALSE,0,1
Joseph Gomez,DEF,Liverpool,3.2,0,0,0,0,0,238,7,0,0,0,0,2021-08-14T16:30:00Z,0,15,0,0,0,0,1,0,52503,3,0,0,0,0,0,0,50,FALSE,0,1
Eric Dier,DEF,Spurs,1.2,0,1,22,1,0.1,361,10,0,0,1.7,17,2021-08-15T15:30:00Z,90,12,0,0,0,0,1,0,96915,0,1,0,7,0,0,0,45,TRUE,0,1
Jan Bednarek,DEF,Southampton,1.7,0,0,0,0,0,343,4,0,0,0,0,2021-08-14T14:00:00Z,0,8,0,0,0,0,1,0,82735,1,3,0,0,0,0,0,45,FALSE,0,1
Pontus Jansson,DEF,Brentford,0.7,0,0,22,1,0,76,1,0,0,1.1,10.8,2021-08-13T19:00:00Z,90,1,0,0,0,0,1,0,28324,0,2,0,6,0,0,0,45,TRUE,0,1
Aymeric Laporte,DEF,Man City,3.1,0,0,0,0,0,259,10,0,0,0,0,2021-08-15T15:30:00Z,0,17,0,0,0,0,1,0,100948,0,1,0,0,0,0,0,55,FALSE,0,1
Nuno Varela Tavares,DEF,Arsenal,2.7,0,0,0,0,0.7,466,1,0,0,0.1,0,2021-08-13T19:00:00Z,9,3,0,0,0,0,1,0,21150,0,2,1,1,0,0,0,45,FALSE,0,1
Konstantinos Tsimikas,DEF,Liverpool,2,0,0,21,1,2.9,245,7,0,0,4.9,9.4,2021-08-14T16:30:00Z,90,15,0,0,0,0,1,0,1540416,3,0,37,6,0,0,0,40,FALSE,0,1
Dimitris Giannoulis,DEF,Norwich,0.7,0,0,18,0,12.2,457,7,3,0,3.6,21.4,2021-08-14T16:30:00Z,90,11,0,0,0,0,1,0,6451,3,0,2,1,0,0,0,45,TRUE,0,1
Kyle Walker-Peters,DEF,Southampton,2.2,0,0,0,0,0,342,4,0,0,0,0,2021-08-14T14:00:00Z,0,8,0,0,0,0,1,0,55553,1,3,0,0,0,0,0,50,FALSE,0,1
Christian Kabasele,DEF,Watford,1.2,0,0,12,0,0.1,384,8,2,0,2.4,20.2,2021-08-14T14:00:00Z,90,2,0,0,0,0,1,0,6905,2,3,4,1,0,0,0,45,TRUE,0,1
Ibrahima Konaté,DEF,Liverpool,3.6,0,0,0,0,0,243,7,0,0,0,0,2021-08-14T16:30:00Z,0,15,0,0,0,0,1,0,212508,3,0,0,0,0,0,0,55,FALSE,0,1
Luke Thomas,DEF,Leicester,2.2,0,1,29,1,5.7,219,5,0,0,3.1,25.4,2021-08-14T14:00:00Z,90,20,0,0,0,0,1,0,14916,0,1,0,7,0,0,0,45,TRUE,0,1
Diego Llorente,DEF,Leeds,0,0,0,0,0,0,190,6,0,0,0,0,2021-08-14T11:30:00Z,0,13,0,0,0,0,1,0,8101,1,5,0,0,0,0,0,45,FALSE,0,1
Robin Koch,DEF,Leeds,1.2,0,0,14,0,0.3,194,6,5,0,1.5,14.4,2021-08-14T11:30:00Z,90,13,0,0,0,0,1,0,21640,1,5,0,0,0,0,0,45,FALSE,0,1
Nathan Ferguson,DEF,Crystal Palace,0,0,0,0,0,0,161,3,0,0,0,0,2021-08-14T14:00:00Z,0,6,0,0,0,0,1,0,331,0,3,0,0,0,0,0,45,FALSE,0,1
Neco Williams,DEF,Liverpool,2,0,0,0,0,0,246,7,0,0,0,0,2021-08-14T16:30:00Z,0,15,0,0,0,0,1,0,63346,3,0,0,0,0,0,0,40,FALSE,0,1
Ben Mee,DEF,Burnley,1.7,0,0,8,0,0.8,106,2,2,0,1.7,9.6,2021-08-14T14:00:00Z,90,4,0,0,0,0,1,0,59668,2,1,7,1,0,0,0,50,TRUE,0,1
Pascal Struijk,DEF,Leeds,1.2,0,0,15,0,0,198,6,5,0,1.6,16.4,2021-08-14T11:30:00Z,90,13,0,0,0,0,1,0,29507,1,5,0,0,0,0,0,45,FALSE,0,1
Konstantinos Mavropanos,DEF,Arsenal,0,0,0,0,0,0,24,1,0,0,0,0,2021-08-13T19:00:00Z,0,3,0,0,0,0,1,0,99,0,2,0,0,0,0,0,45,FALSE,0,1
Serge Aurier,DEF,Spurs,1.7,0,0,0,0,0,358,10,0,0,0,0,2021-08-15T15:30:00Z,0,12,0,0,0,0,1,0,40214,0,1,0,0,0,0,0,50,TRUE,0,1
Marc Guéhi,DEF,Crystal Palace,1.2,0,0,14,0,11.9,477,3,3,0,2.8,13.8,2021-08-14T14:00:00Z,90,6,0,0,0,0,1,0,21817,0,3,2,1,0,0,0,45,FALSE,0,1
Ethan Ampadu,DEF,Chelsea,2.2,0,0,0,0,0,139,3,0,0,0,0,2021-08-14T14:00:00Z,0,7,0,0,0,0,1,0,7410,0,3,0,0,0,0,0,45,TRUE,0,1
Benjamin Mendy,DEF,Man City,3.1,0,1,22,0,29.1,253,10,1,0,4.6,15.2,2021-08-15T15:30:00Z,78,17,0,0,0,0,1,0,57602,0,1,2,3,0,0,0,55,FALSE,0,1
Dominic Thompson,DEF,Brentford,0.7,0,0,0,0,0,498,1,0,0,0,0,2021-08-13T19:00:00Z,0,1,0,0,0,0,1,0,2758,0,2,0,0,0,0,0,45,TRUE,0,1
Issa Diop,DEF,West Ham,2.7,0,0,0,0,0,424,9,0,0,0,0,2021-08-15T13:00:00Z,0,14,0,0,0,0,1,0,30917,4,2,0,0,0,0,0,45,FALSE,0,1
Rico Henry,DEF,Brentford,0.7,0,0,22,1,1.3,83,1,0,0,1.7,13.2,2021-08-13T19:00:00Z,90,1,0,0,0,0,1,0,38378,0,2,2,6,0,0,0,45,TRUE,0,1
Frederik Alves,DEF,West Ham,2,0,0,0,0,0,521,9,0,0,0,0,2021-08-15T13:00:00Z,0,14,0,0,0,0,1,0,34822,4,2,0,0,0,0,0,40,FALSE,0,1
Cristian Romero,DEF,Spurs,1.3,0,0,3,0,0.2,494,10,0,0,0,0.2,2021-08-15T15:30:00Z,1,12,0,0,0,0,1,0,22135,0,1,0,1,0,0,0,50,TRUE,0,1
Joel Matip,DEF,Liverpool,3.2,0,0,25,1,3.8,224,7,0,0,3.3,7,2021-08-14T16:30:00Z,90,15,0,0,0,0,1,0,25704,3,0,22,6,0,0,0,50,FALSE,0,1
Virgil van Dijk,DEF,Liverpool,4.3,0,1,27,1,17.6,229,7,0,0,3.9,15.6,2021-08-14T16:30:00Z,90,15,0,0,0,0,1,0,736976,3,0,6,7,0,0,0,65,FALSE,0,1
Ben Wilmot,DEF,Watford,0,0,0,0,0,0,401,8,0,0,0,0,2021-08-14T14:00:00Z,0,2,0,0,0,0,1,0,64,2,3,0,0,0,0,0,45,TRUE,0,1
Max Aarons,DEF,Norwich,0.7,0,0,15,0,12.4,326,7,3,0,4.3,29.4,2021-08-14T16:30:00Z,90,11,0,0,0,0,1,0,156882,3,0,1,1,0,0,0,45,TRUE,0,1
Antonio Rüdiger,DEF,Chelsea,3.1,0,0,22,1,3.4,127,3,0,0,1.8,14.6,2021-08-14T14:00:00Z,90,7,0,0,0,0,1,0,446404,0,3,0,6,0,0,0,55,TRUE,0,1
Jamaal Lascelles,DEF,Newcastle,0.7,0,0,0,0,0,299,9,0,0,0,0,2021-08-15T13:00:00Z,0,19,0,0,0,0,1,0,27048,4,2,0,0,0,0,0,45,TRUE,0,1
Mads Bech Sørensen,DEF,Brentford,0.7,0,0,3,0,0,90,1,0,0,0,0,2021-08-13T19:00:00Z,19,1,0,0,0,0,1,0,8201,0,2,0,1,0,0,0,45,TRUE,0,1
Malang Sarr,DEF,Chelsea,2.7,0,0,0,0,0,501,3,0,0,0,0,2021-08-14T14:00:00Z,0,7,0,0,0,0,1,0,3636,0,3,0,0,0,0,0,50,TRUE,0,1
Reece Hannam,DEF,Crystal Palace,0.5,0,0,0,0,0,540,3,0,0,0,0,2021-08-14T14:00:00Z,0,6,0,0,0,0,1,0,0,0,3,0,0,0,0,0,40,FALSE,0,1
Nathaniel Clyne,DEF,Crystal Palace,1.2,0,0,0,0,0,493,3,0,0,0,0,2021-08-14T14:00:00Z,0,6,0,0,0,0,1,0,7285,0,3,0,0,0,0,0,45,FALSE,0,1
Yerry Mina,DEF,Everton,2.2,0,0,3,0,0,175,4,0,0,0.2,2,2021-08-14T14:00:00Z,7,16,0,0,0,0,1,0,41893,1,3,0,1,0,0,0,50,TRUE,0,1
Nathan Collins,DEF,Burnley,1.2,0,0,0,0,0,451,2,0,0,0,0,2021-08-14T14:00:00Z,0,4,0,0,0,0,1,0,7002,2,1,0,0,0,0,0,45,TRUE,0,1
James Justin,DEF,Leicester,0,0,0,0,0,0,218,5,0,0,0,0,2021-08-14T14:00:00Z,0,20,0,0,0,0,1,0,2893,0,1,0,0,0,0,0,50,TRUE,0,1
Grant Hanley,DEF,Norwich,0.7,0,0,20,0,10.1,319,7,3,0,7,25.6,2021-08-14T16:30:00Z,90,11,0,0,0,0,1,0,12650,3,0,34,1,0,0,0,45,TRUE,0,1
Emil Krafth,DEF,Newcastle,0.7,0,0,10,0,1.3,303,9,4,0,1.5,9.4,2021-08-15T13:00:00Z,84,19,0,0,0,0,1,0,4670,4,2,4,0,0,0,0,45,TRUE,0,1
Jarosław Jach,DEF,Crystal Palace,1.2,0,0,0,0,0,158,3,0,0,0,0,2021-08-14T14:00:00Z,0,6,0,0,0,0,1,0,3499,0,3,0,0,0,0,0,45,FALSE,0,1
Çaglar Söyüncü,DEF,Leicester,2.7,0,0,23,1,0.3,217,5,0,0,2.4,23.8,2021-08-14T14:00:00Z,90,20,0,0,0,0,1,0,184568,0,1,0,6,0,0,0,50,TRUE,0,1
John Stones,DEF,Man City,3.1,0,0,0,0,0,252,10,0,0,0,0,2021-08-15T15:30:00Z,0,17,0,0,0,0,1,0,778503,0,1,0,0,0,0,0,55,FALSE,0,1
Pablo Marí,DEF,Arsenal,2.7,0,0,14,0,1.3,8,1,2,0,2.5,16.6,2021-08-13T19:00:00Z,90,3,0,0,0,0,1,0,9359,0,2,7,1,0,0,0,45,FALSE,0,1
Ethan Pinnock,DEF,Brentford,0.7,1,2,32,1,11.1,91,1,0,0,4.8,36.8,2021-08-13T19:00:00Z,90,1,0,0,0,0,1,0,13971,0,2,0,11,0,0,0,45,TRUE,0,1
Davinson Sánchez,DEF,Spurs,1.2,0,0,21,1,0.3,367,10,0,0,2.5,18.8,2021-08-15T15:30:00Z,90,12,0,0,0,0,1,0,37061,0,1,6,5,0,0,0,45,TRUE,1,1
Jacob Sørensen,DEF,Norwich,0.7,0,0,0,0,0,327,7,0,0,0,0,2021-08-14T16:30:00Z,0,11,0,0,0,0,1,0,5315,3,0,0,0,0,0,0,45,TRUE,0,1
Jamal Lewis,DEF,Newcastle,0.7,0,0,0,0,0,311,9,0,0,0,0,2021-08-15T13:00:00Z,0,19,0,0,0,0,1,0,11767,4,2,0,0,0,0,0,45,TRUE,0,1
Winston Reid,DEF,West Ham,2,0,0,0,0,0,410,9,0,0,0,0,2021-08-15T13:00:00Z,0,14,0,0,0,0,1,0,125953,4,2,0,0,0,0,0,40,FALSE,0,1
Axel Tuanzebe,DEF,Aston Villa,2.2,0,0,0,0,0,283,8,0,0,0,0,2021-08-14T14:00:00Z,0,18,0,0,0,0,1,0,52507,2,3,0,0,0,0,0,45,FALSE,0,1
William Saliba,DEF,Arsenal,0,0,0,0,0,0,27,1,0,0,0,0,2021-08-13T19:00:00Z,0,3,0,0,0,0,1,0,385,0,2,0,0,0,0,0,45,FALSE,0,1
Kevin Long,DEF,Burnley,0,0,0,0,0,0,103,2,0,0,0,0,2021-08-14T14:00:00Z,0,4,0,0,0,0,1,0,12414,2,1,0,0,0,0,0,40,TRUE,0,1
Matt Doherty,DEF,Spurs,1.7,0,0,4,0,0.3,360,10,0,0,0.3,3,2021-08-15T15:30:00Z,7,12,0,0,0,0,1,0,50765,0,1,0,1,0,0,0,50,TRUE,0,1
Yan Valery,DEF,Southampton,1,0,0,0,0,0,546,4,0,0,0,0,2021-08-14T14:00:00Z,0,8,0,0,0,0,1,0,0,1,3,0,0,0,0,0,40,FALSE,0,1
Charlie Goode,DEF,Brentford,0,0,0,0,0,0,87,1,0,0,0,0,2021-08-13T19:00:00Z,0,1,0,0,0,0,1,0,90851,0,2,0,0,0,0,0,40,TRUE,0,1
Marcos Alonso,DEF,Chelsea,3.1,0,3,46,1,35.5,122,3,0,1,12.1,56,2021-08-14T14:00:00Z,85,7,0,0,0,0,1,0,101537,0,3,29,15,0,0,0,55,TRUE,0,1
Oleksandr Zinchenko,DEF,Man City,3.1,0,0,3,0,0.6,264,10,0,0,0.3,2.8,2021-08-15T15:30:00Z,11,17,0,0,0,0,1,0,104388,0,1,0,1,0,0,0,55,FALSE,0,1
Nathaniel Phillips,DEF,Liverpool,2.7,0,0,0,0,0,241,7,0,0,0,0,2021-08-14T16:30:00Z,0,15,0,0,0,0,1,0,23686,3,0,0,0,0,0,0,45,FALSE,0,1
Phil Bardsley,DEF,Burnley,0.5,0,0,0,0,0,99,2,0,0,0,0,2021-08-14T14:00:00Z,0,4,0,0,0,0,1,0,56223,2,1,0,0,0,0,0,40,TRUE,0,1
Matthew Cash,DEF,Aston Villa,2.7,0,0,21,0,13.7,44,8,3,0,3,14.8,2021-08-14T14:00:00Z,90,18,0,0,0,0,1,0,126813,2,3,1,1,0,0,0,50,FALSE,0,1
Jarrad Branthwaite,DEF,Everton,1,0,0,0,0,0,544,4,0,0,0,0,2021-08-14T14:00:00Z,0,16,0,0,0,0,1,0,0,1,3,0,0,0,0,0,40,TRUE,0,1
Joel Ward,DEF,Crystal Palace,1.2,0,0,15,0,1.3,474,3,3,0,2.5,23.8,2021-08-14T14:00:00Z,90,6,0,0,0,0,1,0,15214,0,3,0,1,0,0,0,45,FALSE,0,1
Vladimir Coufal,DEF,West Ham,3.2,0,0,18,0,23.9,418,9,2,0,5,20.4,2021-08-15T13:00:00Z,90,14,0,0,0,0,1,0,932002,4,2,6,1,0,0,0,50,FALSE,0,1
Ben Johnson,DEF,West Ham,2,0,0,4,0,0.1,425,9,0,0,0.1,1,2021-08-15T13:00:00Z,1,14,0,0,0,0,1,0,169647,4,2,0,1,0,0,0,40,FALSE,0,1
Toby Alderweireld,DEF,Spurs,0,0,0,0,0,0,355,10,0,0,0,0,2021-08-15T15:30:00Z,0,12,0,0,0,0,1,0,3820,0,1,0,0,0,0,0,50,TRUE,0,1
Tino Livramento,DEF,Southampton,1,0,0,12,0,10.2,491,4,3,0,3.5,23,2021-08-14T14:00:00Z,90,8,0,0,0,0,1,0,114247,1,3,2,1,0,0,0,40,FALSE,0,1
Charlie Taylor,DEF,Burnley,1.2,0,0,13,0,15.6,113,2,2,0,3.2,14.4,2021-08-14T14:00:00Z,90,4,0,0,0,0,1,0,41905,2,1,2,1,0,0,0,45,TRUE,0,1
Mason Holgate,DEF,Everton,1.7,0,0,13,0,0.2,178,4,1,0,2,19.6,2021-08-14T14:00:00Z,90,16,0,0,0,0,1,0,54382,1,3,0,2,0,0,0,45,TRUE,0,1
Jack Stephens,DEF,Southampton,1.7,0,0,6,0,0.5,338,4,3,0,1.3,10,2021-08-14T14:00:00Z,90,8,0,0,0,0,1,0,7152,1,3,2,1,0,0,0,45,FALSE,0,1
Nélson Cabral Semedo,DEF,Wolves,1.7,0,0,0,0,0,437,5,0,0,0,0,2021-08-14T14:00:00Z,0,9,0,0,0,0,1,0,117436,0,1,0,0,0,0,0,50,FALSE,0,1
Romain Saïss,DEF,Wolves,1.7,0,0,15,0,11.5,431,5,1,0,3.3,17.6,2021-08-14T14:00:00Z,90,9,0,0,0,0,1,0,40940,0,1,4,2,0,0,0,50,FALSE,0,1
Ben Gibson,DEF,Norwich,0.7,0,0,15,0,0.6,456,7,3,0,8.4,32.4,2021-08-14T16:30:00Z,90,11,0,0,0,0,1,0,6190,3,0,51,1,0,0,0,45,TRUE,0,1
Fernando Marçal,DEF,Wolves,1.2,0,0,10,0,24.6,432,5,1,0,4,13.2,2021-08-14T14:00:00Z,90,9,0,0,0,0,1,0,5788,0,1,2,1,0,0,0,45,FALSE,1,1
Alex Nicolao Telles,DEF,Man Utd,0,0,0,0,0,0,279,6,0,0,0,0,2021-08-14T11:30:00Z,0,10,0,0,0,0,1,0,1436,1,5,0,0,0,0,0,50,TRUE,0,1
Harry Maguire,DEF,Man Utd,3.1,0,0,12,0,0.9,273,6,1,0,1.5,10,2021-08-14T11:30:00Z,90,10,0,0,0,0,1,0,842854,1,5,4,2,0,0,0,55,TRUE,0,1
Max Kilman,DEF,Wolves,1.2,0,0,17,0,1.4,439,5,1,0,7.9,24.6,2021-08-14T14:00:00Z,90,9,0,0,0,0,1,0,11773,0,1,53,2,0,0,0,45,FALSE,0,1
Kieran Tierney,DEF,Arsenal,3.2,0,0,17,0,87,16,1,2,0,15.5,26.8,2021-08-13T19:00:00Z,90,3,0,0,0,0,1,0,540892,0,2,41,1,0,0,0,50,FALSE,0,1
Adam Webster,DEF,Brighton,2.2,0,0,11,0,2.8,61,2,1,0,2.6,23.6,2021-08-14T14:00:00Z,90,5,0,0,0,0,1,0,38441,2,1,0,2,0,0,0,45,FALSE,0,1
Matthew Pollock,DEF,Watford,0.5,0,0,0,0,0,454,8,0,0,0,0,2021-08-14T14:00:00Z,0,2,0,0,0,0,1,0,58021,2,3,0,0,0,0,0,40,TRUE,0,1
Ki-Jana Hoever,DEF,Wolves,0.5,0,0,6,0,16.7,443,5,1,0,3.6,13.6,2021-08-14T14:00:00Z,90,9,0,0,0,0,1,0,134452,0,1,6,1,0,0,0,40,FALSE,1,1
Aaron Wan-Bissaka,DEF,Man Utd,3.1,0,0,8,0,2.3,288,6,1,0,0.9,4.8,2021-08-14T11:30:00Z,90,10,0,0,0,0,1,0,704348,1,5,2,2,0,0,0,55,TRUE,0,1
Joël Veltman,DEF,Brighton,2.2,0,0,0,0,0,62,2,0,0,0,0,2021-08-14T14:00:00Z,0,5,0,0,0,0,1,0,271608,2,1,0,0,0,0,0,45,FALSE,0,1
Ben Godfrey,DEF,Everton,2.2,0,0,0,0,0,179,4,0,0,0,0,2021-08-14T14:00:00Z,0,16,0,0,0,0,1,0,73737,1,3,0,0,0,0,0,50,TRUE,0,1
Lewis Dunk,DEF,Brighton,2.7,0,0,14,0,0.7,59,2,1,0,2,19.6,2021-08-14T14:00:00Z,90,5,0,0,0,0,1,0,437885,2,1,0,2,0,0,0,50,FALSE,0,1
Kyle Walker,DEF,Man City,3.1,0,0,0,0,0,249,10,0,0,0,0,2021-08-15T15:30:00Z,0,17,0,0,0,0,1,0,371353,0,1,0,0,0,0,0,55,FALSE,0,1
Marc Navarro,DEF,Watford,0.5,0,0,0,0,0,398,8,0,0,0,0,2021-08-14T14:00:00Z,0,2,0,0,0,0,1,0,53117,2,3,0,0,0,0,0,40,TRUE,0,1
Japhet Tanganga,DEF,Spurs,1.2,0,0,20,1,5.7,371,10,0,0,2.2,13.8,2021-08-15T15:30:00Z,82,12,0,0,0,0,1,0,11654,0,1,2,6,0,0,0,45,TRUE,0,1
Tariq Lamptey,DEF,Brighton,0,0,0,0,0,0,71,2,0,0,0,0,2021-08-14T14:00:00Z,0,5,0,0,0,0,1,0,41209,2,1,0,0,0,0,0,45,FALSE,0,1
Héctor Junior Firpo Adames,DEF,Leeds,1.7,0,0,4,0,0.8,463,6,4,0,0.5,3.8,2021-08-14T11:30:00Z,45,13,0,0,0,0,1,0,61450,1,5,0,-1,0,0,0,50,FALSE,0,1
Trent Alexander-Arnold,DEF,Liverpool,5,0,0,24,1,48.6,237,7,0,0,7.1,18.4,2021-08-14T16:30:00Z,90,15,0,0,0,0,1,0,2245431,3,0,4,6,0,0,0,75,FALSE,0,1
Ricardo Domingos Barbosa Pereira,DEF,Leicester,3.1,1,3,34,1,17.5,207,5,0,0,5.1,33.2,2021-08-14T14:00:00Z,90,20,0,0,0,0,1,0,150617,0,1,0,12,0,0,0,55,TRUE,0,1
James Tarkowski,DEF,Burnley,1.7,0,0,13,0,0.6,98,2,2,1,9.4,49,2021-08-14T14:00:00Z,90,4,0,0,0,0,1,0,92401,2,1,44,6,0,0,0,50,TRUE,1,1
Cheikhou Kouyaté,DEF,Crystal Palace,1.2,0,0,16,0,0.6,150,3,3,0,1.7,16.4,2021-08-14T14:00:00Z,90,6,0,0,0,0,1,0,30144,0,3,0,1,0,0,0,45,FALSE,0,1
Kristoffer Ajer,DEF,Brentford,0.7,0,0,23,1,11.2,483,1,0,0,2.3,8.2,2021-08-13T19:00:00Z,70,1,0,0,0,0,1,0,35174,0,2,4,6,0,0,0,45,TRUE,0,1
Matthew Lowton,DEF,Burnley,1.2,0,0,10,0,15.9,110,2,2,0,2.9,12.8,2021-08-14T14:00:00Z,90,4,0,0,0,0,1,0,181765,2,1,0,1,0,0,0,45,TRUE,0,1
Rúben Santos Gato Alves Dias,DEF,Man City,3.4,0,0,14,0,1,262,10,1,0,2.3,19.8,2021-08-15T15:30:00Z,90,17,0,0,0,0,1,0,1704318,0,1,2,2,0,0,0,60,FALSE,0,1
William Troost-Ekong,DEF,Watford,1.2,0,0,11,0,0,387,8,2,0,0.8,7.8,2021-08-14T14:00:00Z,90,2,0,0,0,0,1,0,7659,2,3,0,1,0,0,0,45,TRUE,0,1
Conor Coady,DEF,Wolves,1.2,0,0,15,0,0,429,5,1,0,1.1,11.2,2021-08-14T14:00:00Z,90,9,0,0,0,0,1,0,493790,0,1,0,2,0,0,0,45,FALSE,0,1
Craig Cathcart,DEF,Watford,1.2,0,0,6,0,0.8,379,8,2,0,1.3,11.8,2021-08-14T14:00:00Z,90,2,0,0,0,0,1,0,10383,2,3,0,1,0,0,0,45,TRUE,0,1
Gabriel Magalhães,DEF,Arsenal,0,0,0,0,0,0,23,1,0,0,0,0,2021-08-13T19:00:00Z,0,3,0,0,0,0,1,0,6701,0,2,0,0,0,0,0,50,FALSE,0,1
Francisco Sierralta,DEF,Watford,1.2,0,0,0,0,0,396,8,0,0,0,0,2021-08-14T14:00:00Z,0,2,0,0,0,0,1,0,13068,2,3,0,0,0,0,0,45,TRUE,0,1
Calum Chambers,DEF,Arsenal,2.7,0,0,14,0,16.8,10,1,2,0,4.2,13.2,2021-08-13T19:00:00Z,80,3,0,0,0,0,1,0,26222,0,2,12,1,0,0,0,45,FALSE,0,1
Jonathan Castro Otto,DEF,Wolves,0,0,0,0,0,0,433,5,0,0,0,0,2021-08-14T14:00:00Z,0,9,0,0,0,0,1,0,408,0,1,0,0,0,0,0,45,FALSE,0,1
James Tomkins,DEF,Crystal Palace,1.2,0,0,0,0,0,147,3,0,0,0,0,2021-08-14T14:00:00Z,0,6,0,0,0,0,1,0,9200,0,3,0,0,0,0,0,45,FALSE,0,1
Ezri Konsa Ngoyo,DEF,Aston Villa,2.7,0,0,15,0,1.3,45,8,3,0,2.3,19.6,2021-08-14T14:00:00Z,90,18,0,0,0,0,1,0,75220,2,3,2,1,0,0,0,50,FALSE,0,1
Christian Marques,DEF,Wolves,0.5,0,0,0,0,0,549,5,0,0,0,0,2021-08-14T14:00:00Z,0,9,0,0,0,0,1,0,0,0,1,0,0,0,0,0,40,FALSE,0,1
Nathan Aké,DEF,Man City,2.7,0,0,15,0,0.3,258,10,1,0,2.8,23.8,2021-08-15T15:30:00Z,90,17,0,0,0,0,1,0,22462,0,1,4,2,0,0,0,50,FALSE,0,1
Jonjoe Kenny,DEF,Everton,1.7,0,0,0,0,0,502,4,0,0,0,0,2021-08-14T14:00:00Z,0,16,0,0,0,0,1,0,4273,1,3,0,0,0,0,0,45,TRUE,0,1
Angelo Ogbonna,DEF,West Ham,1.6,0,0,18,0,0.9,409,9,2,0,1.3,12,2021-08-15T13:00:00Z,90,14,0,0,0,0,1,0,9668,4,2,0,1,0,0,0,50,FALSE,0,1
Rob Holding,DEF,Arsenal,2.7,0,0,0,0,0,14,1,0,0,0,0,2021-08-13T19:00:00Z,0,3,0,0,0,0,1,0,154190,0,2,0,0,0,0,0,45,FALSE,0,1
Seamus Coleman,DEF,Everton,2.2,0,0,10,0,16.6,165,4,1,0,3.7,20.6,2021-08-14T14:00:00Z,90,16,0,0,0,0,1,0,41053,1,3,0,2,0,0,0,50,TRUE,0,1
Sergio Reguilón,DEF,Spurs,1.7,0,1,22,1,25.3,370,10,0,0,3.8,10.4,2021-08-15T15:30:00Z,90,12,0,0,0,0,1,0,188039,0,1,2,7,0,0,0,50,TRUE,0,1
Timothy Castagne,DEF,Leicester,2.3,0,0,0,0,0,209,5,0,0,0,0,2021-08-14T14:00:00Z,0,20,0,0,0,0,1,0,83726,0,1,0,0,0,0,0,55,TRUE,0,1
Joachim Andersen,DEF,Crystal Palace,1.2,0,0,9,0,0.3,488,3,1,0,1,7.4,2021-08-14T14:00:00Z,33,6,0,0,0,0,1,0,33665,0,3,2,1,0,0,0,45,FALSE,0,1
Yerson Mosquera Valdelamar,DEF,Wolves,0.3,0,0,0,0,0,446,5,0,0,0,0,2021-08-14T14:00:00Z,0,9,0,0,0,0,1,0,2407,0,1,0,0,0,0,0,45,FALSE,0,1
Tyrick Mitchell,DEF,Crystal Palace,1.2,0,0,5,0,1.9,162,3,3,0,0.6,4,2021-08-14T14:00:00Z,90,6,0,0,0,0,1,0,44446,0,3,0,1,0,0,0,45,FALSE,0,1
Andreas Christensen,DEF,Chelsea,2.7,0,1,27,1,1.3,133,3,0,0,2,18.6,2021-08-14T14:00:00Z,90,7,0,0,0,0,1,0,51896,0,3,0,7,0,0,0,50,TRUE,0,1
Victor Lindelöf,DEF,Man Utd,2.7,1,0,23,0,13.4,284,6,1,0,4.4,30.2,2021-08-14T11:30:00Z,90,10,0,0,0,0,1,0,38513,1,5,0,5,0,0,0,50,TRUE,0,1
Jannik Vestergaard,DEF,Leicester,2.7,0,0,3,0,0.1,340,5,0,0,0.4,3.6,2021-08-14T14:00:00Z,28,20,0,0,0,0,1,0,97933,0,1,0,1,0,0,0,50,TRUE,0,1
Javier Manquillo,DEF,Newcastle,0,0,0,0,0,0,302,9,0,0,0,0,2021-08-15T13:00:00Z,0,19,0,0,0,0,1,0,688449,4,2,0,0,0,0,0,40,TRUE,0,1
Romain Perraud,DEF,Southampton,2.2,0,0,7,0,11.5,460,4,3,0,1.9,7.6,2021-08-14T14:00:00Z,82,8,0,0,0,0,1,0,7538,1,3,0,1,0,0,0,50,FALSE,0,1
Ben Davies,DEF,Spurs,1.2,0,0,0,0,0,364,10,0,0,0,0,2021-08-15T15:30:00Z,0,12,0,0,0,0,1,0,18832,0,1,0,0,0,0,0,45,TRUE,0,1
Martin Kelly,DEF,Crystal Palace,0.5,0,0,0,0,0,151,3,0,0,0,0,2021-08-14T14:00:00Z,0,6,0,0,0,0,1,0,80769,0,3,0,0,0,0,0,40,FALSE,0,1
Bernardo Fernandes Da Silva Junior,DEF,Brighton,0,0,0,0,0,0,68,2,0,0,0,0,2021-08-14T14:00:00Z,0,5,0,0,0,0,1,0,1037,2,1,0,0,0,0,0,40,FALSE,0,1
Luke Ayling,DEF,Leeds,1.2,0,0,23,0,4.8,185,6,5,1,7,52.4,2021-08-14T11:30:00Z,90,13,0,0,0,0,1,0,787277,1,5,13,6,0,0,0,45,FALSE,0,1
Mads Roerslev Rasmussen,DEF,Brentford,0.7,0,0,0,0,0,89,1,0,0,0,0,2021-08-13T19:00:00Z,0,1,0,0,0,0,1,0,6247,0,2,0,0,0,0,0,45,TRUE,0,1
Jonny Evans,DEF,Leicester,0,0,0,0,0,0,201,5,0,0,0,0,2021-08-14T14:00:00Z,0,20,0,0,0,0,1,0,17182,0,1,0,0,0,0,0,55,TRUE,0,1
Joe Rodon,DEF,Spurs,1.2,0,0,0,0,0,374,10,0,0,0,0,2021-08-15T15:30:00Z,0,12,0,0,0,0,1,0,8844,0,1,0,0,0,0,0,45,TRUE,0,1
Erik Pieters,DEF,Burnley,1.2,0,0,0,0,0,100,2,0,0,0,0,2021-08-14T14:00:00Z,0,4,0,0,0,0,1,0,13554,2,1,0,0,0,0,0,45,TRUE,0,1
Michael Keane,DEF,Everton,2.2,0,0,9,0,10.9,169,4,1,0,4.7,15.6,2021-08-14T14:00:00Z,90,16,0,0,0,0,1,0,203108,1,3,20,2,0,0,0,50,TRUE,0,1
Adam Masina,DEF,Watford,1.2,0,0,8,0,0.3,390,8,2,0,0.8,7.2,2021-08-14T14:00:00Z,90,2,0,0,0,0,1,0,7697,2,3,0,1,0,0,0,45,TRUE,0,1
Ryan Sessegnon,DEF,Spurs,1.2,0,0,0,0,0,368,10,0,0,0,0,2021-08-15T15:30:00Z,0,12,0,0,0,0,1,0,10883,0,1,0,0,0,0,0,45,TRUE,0,1
Daniel Amartey,DEF,Leicester,1.5,0,0,27,1,0.8,208,5,0,0,1.6,15.4,2021-08-14T14:00:00Z,90,20,0,0,0,0,1,0,985291,0,1,0,6,0,0,0,40,TRUE,0,1
César Azpilicueta,DEF,Chelsea,3.4,0,0,25,1,8.6,119,3,0,0,2.5,10.4,2021-08-14T14:00:00Z,66,7,0,0,0,0,1,0,254999,0,3,6,6,0,0,0,60,TRUE,0,1
Dan Burn,DEF,Brighton,0,0,0,0,0,0,58,2,0,0,0,0,2021-08-14T14:00:00Z,0,5,0,0,0,0,1,0,3067,2,1,0,0,0,0,0,45,FALSE,0,1
Andrew Omobamidele,DEF,Norwich,0,0,0,0,0,0,331,7,0,0,0,0,2021-08-14T16:30:00Z,0,11,0,0,0,0,1,0,111756,3,0,0,0,0,0,0,40,TRUE,0,1
Ryan Bertrand,DEF,Leicester,2.7,0,0,0,0,0,473,5,0,0,0,0,2021-08-14T14:00:00Z,0,20,0,0,0,0,1,0,144893,0,1,0,0,0,0,0,50,TRUE,0,1
Lucas Digne,DEF,Everton,2.6,0,0,9,0,25.9,168,4,1,0,4.5,8.2,2021-08-14T14:00:00Z,90,16,0,0,0,0,1,0,1292519,1,3,11,2,0,0,0,55,TRUE,0,1
Sead Kolasinac,DEF,Arsenal,2.7,0,0,0,0,0,11,1,0,0,0,0,2021-08-13T19:00:00Z,0,3,0,0,0,0,1,0,9282,0,2,0,0,0,0,0,45,FALSE,0,1
Craig Dawson,DEF,West Ham,3.2,0,0,16,0,1.1,414,9,2,0,4.4,22.6,2021-08-15T13:00:00Z,90,14,0,0,0,0,1,0,21144,4,2,20,1,0,0,0,50,FALSE,0,1
Ben White,DEF,Arsenal,2.7,0,0,12,0,0.5,67,1,2,0,1.1,10.8,2021-08-13T19:00:00Z,90,3,0,0,0,0,1,0,1716768,0,2,0,1,0,0,0,45,FALSE,0,1
Thiago Emiliano da Silva,DEF,Chelsea,3.1,0,0,0,0,0,121,3,0,0,0,0,2021-08-14T14:00:00Z,0,7,0,0,0,0,1,0,219781,0,3,0,0,0,0,0,55,TRUE,0,1
Kurt Zouma,DEF,Chelsea,3.1,0,0,0,0,0,128,3,0,0,0,0,2021-08-14T14:00:00Z,0,7,0,0,0,0,1,0,99447,0,3,0,0,0,0,0,55,TRUE,0,1
Aaron Cresswell,DEF,West Ham,3.6,0,0,30,0,17.5,411,9,2,1,9.1,55.8,2021-08-15T13:00:00Z,90,14,0,0,0,0,1,0,1213434,4,2,18,7,0,0,0,55,FALSE,0,1
Federico Fernández,DEF,Newcastle,0.7,0,0,20,0,0.3,465,9,4,0,5.1,46.8,2021-08-15T13:00:00Z,90,19,0,0,0,0,1,0,14823,4,2,4,0,0,0,0,45,TRUE,0,1
Mohammed Salisu,DEF,Southampton,1.7,0,0,14,0,1.4,351,4,3,0,4.4,23.4,2021-08-14T14:00:00Z,90,8,0,0,0,0,1,0,6041,1,3,19,1,0,0,0,45,FALSE,0,1
Matt Ritchie,DEF,Newcastle,1.2,1,0,24,0,54.9,292,9,4,0,9.7,28,2021-08-15T13:00:00Z,90,19,0,0,0,0,1,0,16998,4,2,14,3,0,0,0,50,TRUE,0,1
Ryan Fredericks,DEF,West Ham,2.7,0,0,3,0,0,415,9,0,0,0,0,2021-08-15T13:00:00Z,2,14,0,0,0,0,1,0,9545,4,2,0,1,0,0,0,45,FALSE,0,1
Eric Bailly,DEF,Man Utd,0.5,0,0,0,0,0,286,19,0,0,0,0,2021-08-22T13:00:00Z,0,16,0,0,0,0,2,0,6602,1,1,0,0,-2938,77,3015,50,FALSE,0,2
Paul Dummett,DEF,Newcastle,0,0,0,0,0,0,301,11,0,0,0,0,2021-08-21T14:00:00Z,0,2,0,0,0,0,2,0,1305,0,2,0,0,-234,141,375,45,FALSE,0,2
Willy Boly,DEF,Wolves,-0.1,0,0,0,0,0,428,17,0,0,0,0,2021-08-22T13:00:00Z,0,17,0,0,0,0,2,0,6324,1,0,0,0,-1961,90,2051,50,TRUE,0,2
José Diogo Dalot Teixeira,DEF,Man Utd,0.5,0,0,0,0,0,510,19,0,0,0,0,2021-08-22T13:00:00Z,0,16,0,0,0,0,2,0,5693,1,1,0,0,-792,364,1156,45,FALSE,0,2
Jamal Baptiste,DEF,West Ham,0,0,0,0,0,0,554,20,0,0,0,0,2021-08-23T19:00:00Z,0,9,0,0,0,0,2,0,5081,1,4,0,0,1508,1797,289,40,TRUE,0,2
Sam Byram,DEF,Norwich,0,0,0,0,0,0,321,16,0,0,0,0,2021-08-21T14:00:00Z,0,12,0,0,0,0,2,0,1795,0,5,0,0,-378,189,567,45,FALSE,0,2
Danny Rose,DEF,Watford,-0.5,0,0,0,0,0,377,12,0,0,0,0,2021-08-21T16:30:00Z,0,4,0,0,0,0,2,0,42220,0,2,0,0,-7697,785,8482,45,FALSE,0,2
Liam Cooper,DEF,Leeds,1,1,0,21,0,11.1,184,14,2,0,5,32.4,2021-08-21T14:00:00Z,90,8,0,0,0,0,2,0,23580,2,2,6,3,-1458,1421,2879,45,TRUE,1,2
Frédéric Guilbert,DEF,Aston Villa,0.5,0,0,0,0,0,46,11,0,0,0,0,2021-08-21T14:00:00Z,0,14,0,0,0,0,2,0,1757,0,2,0,0,-317,62,379,45,TRUE,0,2
Matt Targett,DEF,Aston Villa,0.5,0,0,0,0,0,39,11,0,0,0,0,2021-08-21T14:00:00Z,0,14,0,0,0,0,2,0,612505,0,2,0,0,-74260,8026,82286,50,TRUE,0,2
Luke Shaw,DEF,Man Utd,3,0,2,17,0,34.7,275,19,1,0,4.4,9.4,2021-08-22T13:00:00Z,90,16,0,0,0,0,2,0,3960716,1,1,0,4,-58866,83154,142020,55,FALSE,0,2
Emerson Palmieri dos Santos,DEF,Chelsea,0,0,0,0,0,0,539,18,0,0,0,0,2021-08-22T15:30:00Z,0,1,0,0,0,0,2,0,2839,2,0,0,0,520,868,348,45,FALSE,0,2
Ashley Young,DEF,Aston Villa,4,0,0,19,1,2.8,52,11,0,0,1,7,2021-08-21T14:00:00Z,90,14,0,0,0,0,2,0,74817,0,2,0,6,741,9328,8587,50,TRUE,0,2
Christoph Zimmermann,DEF,Norwich,-1.1,0,0,0,0,0,324,16,0,0,0,0,2021-08-21T14:00:00Z,0,12,0,0,0,0,2,0,7704,0,5,0,0,-1145,147,1292,45,FALSE,0,2
Shane Duffy,DEF,Brighton,8.5,0,3,37,1,0.2,56,12,0,1,11.4,60.4,2021-08-21T16:30:00Z,90,18,0,0,0,0,2,0,377199,0,2,53,14,78743,99896,21153,40,TRUE,1,2
Reece James,DEF,Chelsea,9.5,1,3,57,1,54.5,142,18,0,1,19.4,74.6,2021-08-22T15:30:00Z,90,1,0,0,0,0,2,0,430073,2,0,65,18,-65552,8042,73594,55,FALSE,0,2
Kortney Hause,DEF,Aston Villa,0.5,0,0,0,0,0,36,11,0,0,0,0,2021-08-21T14:00:00Z,0,14,0,0,0,0,2,0,8909,0,2,0,0,-994,410,1404,45,TRUE,0,2
Tyrone Mings,DEF,Aston Villa,8,2,3,47,1,10.7,38,11,0,0,8.3,34.4,2021-08-21T14:00:00Z,90,14,0,0,0,0,2,0,561674,0,2,38,15,-50442,14203,64645,50,TRUE,0,2
Björn Engels,DEF,Aston Villa,0,0,0,0,0,0,31,11,0,0,0,0,2021-08-21T14:00:00Z,0,14,0,0,0,0,2,0,67,0,2,0,0,-25,0,25,45,TRUE,0,2
Francisco Femenía Far,DEF,Watford,-0.5,0,0,0,0,0,382,12,0,0,0,0,2021-08-21T16:30:00Z,0,4,0,0,0,0,2,0,14145,0,2,0,0,-2461,183,2644,45,FALSE,0,2
Héctor Bellerín,DEF,Arsenal,0,0,0,0,0,0,9,18,0,0,0,0,2021-08-22T15:30:00Z,0,6,0,0,0,0,2,0,64255,2,0,0,0,-17646,2030,19676,49,TRUE,0,2
Wesley Fofana,DEF,Leicester,0,0,0,0,0,0,220,20,0,0,0,0,2021-08-23T19:00:00Z,0,19,0,0,0,0,2,0,43011,1,4,0,0,-18048,399,18447,45,FALSE,0,2
Arthur Masuaku,DEF,West Ham,0,0,0,0,0,0,417,20,0,0,0,0,2021-08-23T19:00:00Z,0,9,0,0,0,0,2,0,4434,1,4,0,0,-1061,79,1140,45,TRUE,0,2
Brandon Williams,DEF,Norwich,-1.5,0,0,0,0,0,290,16,0,0,0,0,2021-08-21T14:00:00Z,0,12,0,0,0,0,2,0,155546,0,5,0,0,-7120,11847,10233,40,FALSE,0,2
Jeremy Ngakia,DEF,Watford,-0.5,0,0,0,0,0,400,12,0,0,0,0,2021-08-21T16:30:00Z,0,4,0,0,0,0,2,0,4391,0,2,0,0,-696,43,739,45,FALSE,0,2
Ben Davies,DEF,Liverpool,0,0,0,0,0,0,248,15,0,0,0,0,2021-08-21T11:30:00Z,0,5,0,0,0,0,2,0,26605,0,2,0,0,-6199,1080,7279,40,TRUE,0,2
Trevoh Chalobah,DEF,Chelsea,7,0,0,0,0,0,527,18,0,0,0,0,2021-08-22T15:30:00Z,0,1,0,0,0,0,2,0,243530,2,0,0,0,127321,145822,18501,50,FALSE,0,2
Bali Mumba,DEF,Norwich,-1.5,0,0,6,0,3.3,515,16,3,0,1.3,9.6,2021-08-21T14:00:00Z,45,12,0,0,0,0,2,0,27531,0,5,0,0,-124,2138,2262,40,FALSE,0,2
Fabian Schär,DEF,Newcastle,-0.5,0,0,9,0,7.8,305,11,2,0,2.1,13.4,2021-08-21T14:00:00Z,90,2,0,0,0,0,2,0,18433,0,2,0,0,-1723,586,2309,45,FALSE,1,2
Benjamin Chilwell,DEF,Chelsea,0,0,0,0,0,0,135,18,0,0,0,0,2021-08-22T15:30:00Z,0,1,0,0,0,0,2,0,742264,2,0,0,0,-195660,9406,205066,59,FALSE,0,2
Andrew Robertson,DEF,Liverpool,0.2,0,0,0,0,0,234,15,0,0,0,0,2021-08-21T11:30:00Z,0,5,0,0,0,0,2,0,70276,0,2,0,0,-36466,729,37195,70,TRUE,0,2
Rayan Ait Nouri,DEF,Wolves,0,0,0,5,0,0.1,470,17,0,0,1,2.2,2021-08-22T13:00:00Z,6,17,0,0,0,0,2,0,40898,1,0,8,1,-5149,727,5876,45,TRUE,0,2
Michal Karbownik,DEF,Brighton,0.5,0,0,0,0,0,536,12,0,0,0,0,2021-08-21T16:30:00Z,0,18,0,0,0,0,2,0,2734,0,2,0,0,496,646,150,40,TRUE,0,2
Ciaran Clark,DEF,Newcastle,-0.5,0,0,0,0,0,293,11,0,0,0,0,2021-08-21T14:00:00Z,0,2,0,0,0,0,2,0,11142,0,2,0,0,-352,1116,1468,45,FALSE,0,2
Bobby Thomas,DEF,Burnley,-1,0,0,0,0,0,534,15,0,0,0,0,2021-08-21T11:30:00Z,0,11,0,0,0,0,2,0,9825,0,2,0,0,3269,3991,722,40,FALSE,0,2
Rhys Williams,DEF,Liverpool,1,0,0,0,0,0,247,15,0,0,0,0,2021-08-21T11:30:00Z,0,5,0,0,0,0,2,0,4867,0,2,0,0,-773,167,940,45,TRUE,0,2
João Pedro Cavaco Cancelo,DEF,Man City,5.5,0,0,18,1,9.1,256,16,0,0,3.2,11.6,2021-08-21T14:00:00Z,90,15,0,0,0,0,2,0,539200,0,5,11,6,-6770,36414,43184,60,TRUE,0,2
Cédric Soares,DEF,Arsenal,0.5,0,0,15,0,20.8,5,18,2,0,3.8,17,2021-08-22T15:30:00Z,90,6,0,0,0,0,2,0,17397,2,0,0,1,-2978,565,3543,45,TRUE,0,2
Joseph Gomez,DEF,Liverpool,1.5,0,0,3,0,0,238,15,0,0,0,0,2021-08-21T11:30:00Z,1,5,0,0,0,0,2,0,53470,0,2,0,1,-9177,2987,12164,50,TRUE,0,2
Eric Dier,DEF,Spurs,7,0,0,25,1,0,361,17,0,0,5.2,19,2021-08-22T13:00:00Z,90,20,0,0,0,0,2,0,227449,1,0,33,6,67452,83116,15664,45,FALSE,0,2
Charlie Cresswell,DEF,Leeds,1,0,0,0,0,0,563,14,0,0,0,0,2021-08-21T14:00:00Z,0,8,0,0,0,0,2,0,0,2,2,0,0,0,0,0,40,TRUE,0,2
Jan Bednarek,DEF,Southampton,0,0,0,6,0,0.4,343,19,1,0,0.7,6.4,2021-08-22T13:00:00Z,45,13,0,0,0,0,2,0,76002,1,1,0,1,-10192,1138,11330,45,TRUE,0,2
Pontus Jansson,DEF,Brentford,7,0,3,30,1,10.3,76,13,0,0,2.7,14.2,2021-08-21T14:00:00Z,90,7,0,0,0,0,2,0,51593,0,0,2,9,6969,10610,3641,45,FALSE,0,2
Aymeric Laporte,DEF,Man City,8.5,0,2,38,1,9.3,259,16,0,1,8.1,47.2,2021-08-21T14:00:00Z,90,15,0,0,0,0,2,0,106315,0,5,24,14,-12420,3753,16173,55,TRUE,0,2
Nuno Varela Tavares,DEF,Arsenal,1,0,0,4,0,0.8,466,18,0,0,1,9.4,2021-08-22T15:30:00Z,24,6,0,0,0,0,2,0,21734,2,0,0,1,-3065,921,3986,45,TRUE,0,2
Konstantinos Tsimikas,DEF,Liverpool,9.5,1,2,41,1,58.7,245,15,0,0,9.9,37.8,2021-08-21T11:30:00Z,90,5,0,0,0,0,2,0,2023945,0,2,2,11,306651,335638,28987,41,TRUE,0,2
Dimitris Giannoulis,DEF,Norwich,-1,0,0,6,0,0.4,457,16,2,0,0.5,5,2021-08-21T14:00:00Z,45,12,0,0,0,0,2,0,7553,0,5,0,0,-368,376,744,45,FALSE,0,2
Kyle Walker-Peters,DEF,Southampton,0,0,0,7,0,0.6,342,19,0,0,0.6,5.4,2021-08-22T13:00:00Z,11,13,0,0,0,0,2,0,52259,1,1,0,1,-7590,908,8498,50,TRUE,0,2
Christian Kabasele,DEF,Watford,0.5,0,0,16,0,0.2,384,12,2,0,2.9,28.4,2021-08-21T16:30:00Z,90,4,0,0,0,0,2,0,8330,0,2,0,1,-165,701,866,45,FALSE,0,2
Ibrahima Konaté,DEF,Liverpool,1,0,0,0,0,0,243,15,0,0,0,0,2021-08-21T11:30:00Z,0,5,0,0,0,0,2,0,177170,0,2,0,0,-52766,4823,57589,54,TRUE,0,2
Luke Thomas,DEF,Leicester,3.5,0,0,14,0,1.3,219,20,4,0,1.8,16.2,2021-08-23T19:00:00Z,90,19,0,0,0,0,2,0,85680,1,4,0,0,36985,45674,8689,45,FALSE,0,2
Diego Llorente,DEF,Leeds,0,0,0,0,0,0,190,14,0,0,0,0,2021-08-21T14:00:00Z,0,8,0,0,0,0,2,0,6336,2,2,0,0,-1912,76,1988,45,TRUE,0,2
Robin Koch,DEF,Leeds,0,0,0,0,0,0,194,14,0,0,0,0,2021-08-21T14:00:00Z,0,8,0,0,0,0,2,0,23366,2,2,0,0,-1452,1332,2784,45,TRUE,0,2
Nathan Ferguson,DEF,Crystal Palace,0,0,0,0,0,0,161,13,0,0,0,0,2021-08-21T14:00:00Z,0,3,0,0,0,0,2,0,397,0,0,0,0,-4,98,102,45,TRUE,0,2
Neco Williams,DEF,Liverpool,1,0,0,0,0,0,246,15,0,0,0,0,2021-08-21T11:30:00Z,0,5,0,0,0,0,2,0,64837,0,2,0,0,-4994,2770,7764,40,TRUE,0,2
Ben Mee,DEF,Burnley,0,0,0,6,0,0.3,106,15,2,0,2.3,18.2,2021-08-21T11:30:00Z,90,11,0,0,0,0,2,0,58756,0,2,4,1,-6503,1657,8160,50,FALSE,0,2
Pascal Struijk,DEF,Leeds,0.5,0,0,17,0,10.4,198,14,2,0,4.2,23.4,2021-08-21T14:00:00Z,90,8,0,0,0,0,2,0,29428,2,2,8,1,-2232,1074,3306,45,TRUE,0,2
Konstantinos Mavropanos,DEF,Arsenal,0,0,0,0,0,0,24,18,0,0,0,0,2021-08-22T15:30:00Z,0,6,0,0,0,0,2,0,78,2,0,0,0,-21,0,21,45,TRUE,0,2
Serge Aurier,DEF,Spurs,0.5,0,0,0,0,0,358,17,0,0,0,0,2021-08-22T13:00:00Z,0,20,0,0,0,0,2,0,45854,1,0,0,0,-4513,3662,8175,50,FALSE,0,2
Marc Guéhi,DEF,Crystal Palace,4,0,0,24,1,0.2,477,13,0,0,1.7,16.8,2021-08-21T14:00:00Z,90,3,0,0,0,0,2,0,24278,0,0,0,6,-486,1766,2252,45,TRUE,0,2
Ethan Ampadu,DEF,Chelsea,0,0,0,0,0,0,139,18,0,0,0,0,2021-08-22T15:30:00Z,0,1,0,0,0,0,2,0,8238,2,0,0,0,-818,560,1378,45,FALSE,0,2
Benjamin Mendy,DEF,Man City,3,0,0,0,0,0,253,16,0,0,0,0,2021-08-21T14:00:00Z,0,15,0,0,0,0,2,0,85999,0,5,0,0,4714,12674,7960,55,TRUE,0,2
Owen Dodgson,DEF,Burnley,0,0,0,0,0,0,565,15,0,0,0,0,2021-08-21T11:30:00Z,0,11,0,0,0,0,2,0,0,0,2,0,0,0,0,0,40,FALSE,0,2
Dominic Thompson,DEF,Brentford,-0.5,0,0,0,0,0,498,13,0,0,0,0,2021-08-21T14:00:00Z,0,7,0,0,0,0,2,0,3685,0,0,0,0,-349,193,542,45,FALSE,0,2
Issa Diop,DEF,West Ham,0,0,0,0,0,0,424,20,0,0,0,0,2021-08-23T19:00:00Z,0,9,0,0,0,0,2,0,31178,1,4,0,0,-3616,1411,5027,45,TRUE,0,2
Rico Henry,DEF,Brentford,5.5,0,0,26,1,26.2,83,13,0,0,4.1,15,2021-08-21T14:00:00Z,90,7,0,0,0,0,2,0,68989,0,0,0,6,14298,19716,5418,45,FALSE,0,2
Frederik Alves,DEF,West Ham,0,0,0,0,0,0,521,20,0,0,0,0,2021-08-23T19:00:00Z,0,9,0,0,0,0,2,0,30060,1,4,0,0,-7772,818,8590,40,TRUE,0,2
Cristian Romero,DEF,Spurs,1,0,0,0,0,0,494,17,0,0,0,0,2021-08-22T13:00:00Z,0,20,0,0,0,0,2,0,31517,1,0,0,0,1205,4428,3223,50,FALSE,0,2
Joel Matip,DEF,Liverpool,7,0,0,26,1,0.8,224,15,0,0,7.5,18.2,2021-08-21T11:30:00Z,90,5,0,0,0,0,2,0,72468,0,2,56,6,24115,31178,7063,50,TRUE,0,2
Virgil van Dijk,DEF,Liverpool,7.5,0,0,27,1,10.3,229,15,0,0,6,19,2021-08-21T11:30:00Z,90,5,0,0,0,0,2,0,1056227,0,2,31,6,59570,101318,41748,65,TRUE,0,2
Ben Wilmot,DEF,Watford,0,0,0,0,0,0,401,12,0,0,0,0,2021-08-21T16:30:00Z,0,4,0,0,0,0,2,0,51,0,2,0,0,-11,0,11,45,FALSE,0,2
Max Aarons,DEF,Norwich,-1,0,0,8,0,3.6,326,16,5,0,1.4,8.8,2021-08-21T14:00:00Z,90,12,0,0,0,0,2,0,164542,0,5,2,0,-6048,9393,15441,45,FALSE,0,2
Antonio Rüdiger,DEF,Chelsea,6,0,0,23,1,1.7,127,18,0,0,1.6,11.8,2021-08-22T15:30:00Z,90,1,0,0,0,0,2,0,561100,2,0,2,6,12037,49645,37608,55,FALSE,0,2
Jamaal Lascelles,DEF,Newcastle,0,0,0,5,0,0.3,299,11,2,0,0.2,0,2021-08-21T14:00:00Z,90,2,0,0,0,0,2,0,27224,0,2,4,1,-2616,808,3424,45,FALSE,0,2
Mads Bech Sørensen,DEF,Brentford,0,0,0,0,0,0,90,13,0,0,0,0,2021-08-21T14:00:00Z,0,7,0,0,0,0,2,0,9490,0,0,0,0,-683,386,1069,45,FALSE,0,2
Malang Sarr,DEF,Chelsea,0,0,0,0,0,0,501,18,0,0,0,0,2021-08-22T15:30:00Z,0,1,0,0,0,0,2,0,4590,2,0,0,0,-540,224,764,50,FALSE,0,2
Reece Hannam,DEF,Crystal Palace,0.5,0,0,0,0,0,540,13,0,0,0,0,2021-08-21T14:00:00Z,0,3,0,0,0,0,2,0,2509,0,0,0,0,485,605,120,40,TRUE,0,2
Nathaniel Clyne,DEF,Crystal Palace,0.5,0,0,0,0,0,493,13,0,0,0,0,2021-08-21T14:00:00Z,0,3,0,0,0,0,2,0,9126,0,0,0,0,-603,432,1035,45,TRUE,0,2
Yerry Mina,DEF,Everton,0.5,0,0,9,0,0.1,175,14,2,0,2.9,24.6,2021-08-21T14:00:00Z,90,10,0,0,0,0,2,0,47667,2,2,4,0,-4045,2259,6304,50,FALSE,1,2
Nathan Collins,DEF,Burnley,-1,0,0,0,0,0,451,15,0,0,0,0,2021-08-21T11:30:00Z,0,11,0,0,0,0,2,0,7479,0,2,0,0,-809,209,1018,45,FALSE,0,2
James Justin,DEF,Leicester,0,0,0,0,0,0,218,20,0,0,0,0,2021-08-23T19:00:00Z,0,19,0,0,0,0,2,0,2430,1,4,0,0,-599,85,684,50,FALSE,0,2
Grant Hanley,DEF,Norwich,-1,0,0,13,0,0.1,319,16,5,0,1.3,13,2021-08-21T14:00:00Z,90,12,0,0,0,0,2,0,13273,0,5,0,0,-1010,462,1472,45,FALSE,0,2
Emil Krafth,DEF,Newcastle,-0.5,0,0,0,0,0,303,11,0,0,0,0,2021-08-21T14:00:00Z,0,2,0,0,0,0,2,0,5237,0,2,0,0,-453,216,669,45,FALSE,0,2
Jarosław Jach,DEF,Crystal Palace,0.5,0,0,0,0,0,158,13,0,0,0,0,2021-08-21T14:00:00Z,0,3,0,0,0,0,2,0,3857,0,0,0,0,-476,50,526,45,TRUE,0,2
Çaglar Söyüncü,DEF,Leicester,3,0,0,14,0,0.3,217,20,4,0,1.9,18.4,2021-08-23T19:00:00Z,90,19,0,0,0,0,2,0,242236,1,4,0,0,11859,26260,14401,50,FALSE,0,2
John Stones,DEF,Man City,1.5,0,0,0,0,0,252,16,0,0,0,0,2021-08-21T14:00:00Z,0,15,0,0,0,0,2,0,776043,0,5,0,0,-58980,27680,86660,55,TRUE,0,2
Pablo Marí,DEF,Arsenal,0.5,0,0,21,0,11,8,18,2,0,5.4,38.8,2021-08-22T15:30:00Z,90,6,0,0,0,0,2,0,12789,2,0,4,0,-1056,849,1905,45,TRUE,1,2
Ethan Pinnock,DEF,Brentford,8,0,0,22,1,0.6,91,13,0,0,1.3,8.6,2021-08-21T14:00:00Z,90,7,0,0,0,0,2,0,314303,0,0,4,6,164773,185269,20496,45,FALSE,0,2
Davinson Sánchez,DEF,Spurs,7,0,2,28,1,0.1,367,17,0,0,3.6,35.4,2021-08-22T13:00:00Z,90,20,0,0,0,0,2,0,71171,1,0,0,8,10572,15840,5268,45,FALSE,0,2
Jacob Sørensen,DEF,Norwich,-1.5,0,0,0,0,0,327,16,0,0,0,0,2021-08-21T14:00:00Z,0,12,0,0,0,0,2,0,5676,0,5,0,0,-649,80,729,45,FALSE,0,2
Jamal Lewis,DEF,Newcastle,-0.5,0,0,0,0,0,311,11,0,0,0,0,2021-08-21T14:00:00Z,0,2,0,0,0,0,2,0,12024,0,2,0,0,-1390,375,1765,45,FALSE,0,2
Winston Reid,DEF,West Ham,0,0,0,0,0,0,410,20,0,0,0,0,2021-08-23T19:00:00Z,0,9,0,0,0,0,2,0,143128,1,4,0,0,-1856,8845,10701,40,TRUE,0,2
Axel Tuanzebe,DEF,Aston Villa,1,0,0,3,0,0,283,11,0,0,0,0,2021-08-21T14:00:00Z,2,14,0,0,0,0,2,0,56077,0,2,0,1,-4300,3232,7532,45,TRUE,0,2
William Saliba,DEF,Arsenal,0,0,0,0,0,0,27,18,0,0,0,0,2021-08-22T15:30:00Z,0,6,0,0,0,0,2,0,304,2,0,0,0,-77,0,77,45,TRUE,0,2
Kevin Long,DEF,Burnley,0,0,0,0,0,0,103,15,0,0,0,0,2021-08-21T11:30:00Z,0,11,0,0,0,0,2,0,10978,0,2,0,0,-1857,486,2343,40,FALSE,0,2
Matt Doherty,DEF,Spurs,1,0,0,0,0,0,360,17,0,0,0,0,2021-08-22T13:00:00Z,0,20,0,0,0,0,2,0,51940,1,0,0,0,-5606,2508,8114,50,FALSE,0,2
Yan Valery,DEF,Southampton,-0.5,0,0,0,0,0,546,19,0,0,0,0,2021-08-22T13:00:00Z,0,13,0,0,0,0,2,0,19283,1,1,0,0,7921,9318,1397,40,TRUE,0,2
Charlie Goode,DEF,Brentford,-0.5,0,0,0,0,0,87,13,0,0,0,0,2021-08-21T14:00:00Z,0,7,0,0,0,0,2,0,97274,0,0,0,0,-5097,6019,11116,40,FALSE,0,2
Marcos Alonso,DEF,Chelsea,10.5,0,0,28,1,57.7,122,18,0,0,8.5,21,2021-08-22T15:30:00Z,90,1,0,0,0,0,2,0,506094,2,0,6,6,208836,232325,23489,56,FALSE,0,2
Oleksandr Zinchenko,DEF,Man City,2,0,0,0,0,0,264,16,0,0,0,0,2021-08-21T14:00:00Z,0,15,0,0,0,0,2,0,115705,0,5,0,0,-7388,7226,14614,55,TRUE,0,2
Nathaniel Phillips,DEF,Liverpool,1,0,0,0,0,0,241,15,0,0,0,0,2021-08-21T11:30:00Z,0,5,0,0,0,0,2,0,21288,0,2,0,0,-4841,494,5335,45,TRUE,0,2
Phil Bardsley,DEF,Burnley,-1,0,0,0,0,0,99,15,0,0,0,0,2021-08-21T11:30:00Z,0,11,0,0,0,0,2,0,62737,0,2,0,0,-2001,3184,5185,40,FALSE,0,2
Cody Drameh,DEF,Leeds,1,0,0,0,0,0,562,14,0,0,0,0,2021-08-21T14:00:00Z,0,8,0,0,0,0,2,0,0,2,2,0,0,0,0,0,40,TRUE,0,2
Matthew Cash,DEF,Aston Villa,4,0,0,22,1,1.8,44,11,0,0,1.9,11.4,2021-08-21T14:00:00Z,90,14,0,0,0,0,2,0,135222,0,2,6,6,-4546,9370,13916,50,TRUE,0,2
Jarrad Branthwaite,DEF,Everton,0,0,0,0,0,0,544,14,0,0,0,0,2021-08-21T14:00:00Z,0,10,0,0,0,0,2,0,6948,2,2,0,0,1960,2341,381,40,FALSE,0,2
Joel Ward,DEF,Crystal Palace,3.5,0,0,18,1,16.8,474,13,0,0,2.9,11.6,2021-08-21T14:00:00Z,90,3,0,0,0,0,2,0,19449,0,0,1,5,623,2362,1739,45,TRUE,1,2
Vladimir Coufal,DEF,West Ham,3,1,0,28,0,18.4,418,20,1,0,5,32,2021-08-23T19:00:00Z,90,9,0,0,0,0,2,0,920647,1,4,0,5,-46368,26007,72375,50,TRUE,0,2
Ben Johnson,DEF,West Ham,0.5,0,0,0,0,0,425,20,0,0,0,0,2021-08-23T19:00:00Z,0,9,0,0,0,0,2,0,183314,1,4,0,0,-2618,10375,12993,40,TRUE,0,2
Toby Alderweireld,DEF,Spurs,0,0,0,0,0,0,355,17,0,0,0,0,2021-08-22T13:00:00Z,0,20,0,0,0,0,2,0,2612,1,0,0,0,-1148,0,1148,50,FALSE,0,2
Tino Livramento,DEF,Southampton,1,0,0,13,0,5.3,491,19,1,0,2,14,2021-08-22T13:00:00Z,90,13,0,0,0,0,2,0,152150,1,1,1,2,16753,25856,9103,40,TRUE,0,2
Charlie Taylor,DEF,Burnley,0,0,0,9,0,1.8,113,15,2,0,2.9,27.2,2021-08-21T11:30:00Z,90,11,0,0,0,0,2,0,41980,0,2,0,1,-2862,1123,3985,45,FALSE,0,2
Mason Holgate,DEF,Everton,1,0,0,0,0,0,178,14,0,0,0,0,2021-08-21T14:00:00Z,0,10,0,0,0,0,2,0,66169,2,2,0,0,2032,8078,6046,45,FALSE,0,2
Jack Stephens,DEF,Southampton,0.5,0,0,12,0,1.5,338,19,1,0,2.7,25.4,2021-08-22T13:00:00Z,90,13,0,0,0,0,2,0,8252,1,1,0,1,-472,316,788,45,TRUE,1,2
Nélson Cabral Semedo,DEF,Wolves,0.5,0,0,13,0,25.2,437,17,1,0,5.1,14.2,2021-08-22T13:00:00Z,90,17,0,0,0,0,2,0,107567,1,0,12,2,-17729,2199,19928,50,TRUE,0,2
Romain Saïss,DEF,Wolves,1.5,0,0,18,0,11.5,431,17,1,0,3.4,14.4,2021-08-22T13:00:00Z,83,17,0,0,0,0,2,0,44275,1,0,8,2,-2496,1659,4155,50,TRUE,0,2
Ben Gibson,DEF,Norwich,-1,0,0,16,0,0.2,456,16,5,0,3,27.4,2021-08-21T14:00:00Z,90,12,0,0,0,0,2,0,7357,0,5,2,0,-389,432,821,45,FALSE,0,2
Fernando Marçal,DEF,Wolves,1,0,0,19,0,22.3,432,17,1,0,4.4,19,2021-08-22T13:00:00Z,90,17,0,0,0,0,2,0,6849,1,0,3,2,-249,489,738,45,TRUE,0,2
Alex Nicolao Telles,DEF,Man Utd,0,0,0,0,0,0,279,19,0,0,0,0,2021-08-22T13:00:00Z,0,16,0,0,0,0,2,0,1321,1,1,0,0,-246,52,298,50,FALSE,0,2
Harry Maguire,DEF,Man Utd,2,0,0,5,0,1.2,273,19,1,0,2.1,12.6,2021-08-22T13:00:00Z,90,16,0,0,0,0,2,0,925801,1,1,7,1,-38065,33832,71897,55,FALSE,1,2
Raphaël Varane,DEF,Man Utd,3.1,0,0,0,0,0,555,19,0,0,0,0,2021-08-22T13:00:00Z,0,16,0,0,0,0,2,0,67465,1,1,0,0,33592,37772,4180,55,FALSE,0,2
Max Kilman,DEF,Wolves,1.5,0,0,18,0,11.9,439,17,1,0,4.1,28.6,2021-08-22T13:00:00Z,90,17,0,0,0,0,2,0,14239,1,0,0,2,-184,1106,1290,45,TRUE,0,2
Kieran Tierney,DEF,Arsenal,1,0,0,7,0,2.1,16,18,2,0,0.6,1.4,2021-08-22T15:30:00Z,65,6,0,0,0,0,2,0,530760,2,0,2,1,-55704,16792,72496,50,TRUE,0,2
Adam Webster,DEF,Brighton,4,0,0,22,1,12,61,12,0,0,3.9,27,2021-08-21T16:30:00Z,90,18,0,0,0,0,2,0,43513,0,2,0,5,696,4633,3937,45,TRUE,1,2
Matthew Pollock,DEF,Watford,-0.5,0,0,0,0,0,454,12,0,0,0,0,2021-08-21T16:30:00Z,0,4,0,0,0,0,2,0,63630,0,2,0,0,-1480,3797,5277,40,FALSE,0,2
Ki-Jana Hoever,DEF,Wolves,0,0,0,0,0,0,443,17,0,0,0,0,2021-08-22T13:00:00Z,0,17,0,0,0,0,2,0,169960,1,0,0,0,12019,23280,11261,40,TRUE,0,2
Aaron Wan-Bissaka,DEF,Man Utd,2.5,0,0,13,0,32.3,288,19,1,0,5.6,21.2,2021-08-22T13:00:00Z,90,16,0,0,0,0,2,0,707386,1,1,2,2,-47625,17513,65138,55,FALSE,0,2
Joël Veltman,DEF,Brighton,0,0,0,0,0,0,62,12,0,0,0,0,2021-08-21T16:30:00Z,0,18,0,0,0,0,2,0,220851,0,2,0,0,-52685,1619,54304,45,TRUE,0,2
Ben Godfrey,DEF,Everton,0,0,0,0,0,0,179,14,0,0,0,0,2021-08-21T14:00:00Z,0,10,0,0,0,0,2,0,67924,2,2,0,0,-10824,1602,12426,50,FALSE,0,2
Lewis Dunk,DEF,Brighton,4.5,0,0,25,1,0.3,59,12,0,0,1.2,9.6,2021-08-21T16:30:00Z,90,18,0,0,0,0,2,0,435444,0,2,2,6,-23181,11914,35095,50,TRUE,0,2
Kyle Walker,DEF,Man City,4.5,0,0,24,1,9.3,249,16,0,0,3,11,2021-08-21T14:00:00Z,90,15,0,0,0,0,2,0,410733,0,5,10,6,-28229,20122,48351,55,TRUE,0,2
Marc Navarro,DEF,Watford,-0.5,0,0,0,0,0,398,12,0,0,0,0,2021-08-21T16:30:00Z,0,4,0,0,0,0,2,0,54882,0,2,0,0,-3328,1831,5159,40,FALSE,0,2
Japhet Tanganga,DEF,Spurs,6,0,0,17,1,0.8,371,17,0,0,2.2,19.4,2021-08-22T13:00:00Z,90,20,0,0,0,0,2,0,103579,1,0,2,5,54382,62241,7859,45,FALSE,1,2
Tariq Lamptey,DEF,Brighton,0,0,0,0,0,0,71,12,0,0,0,0,2021-08-21T16:30:00Z,0,18,0,0,0,0,2,0,34905,0,2,0,0,-7181,659,7840,45,TRUE,0,2
Héctor Junior Firpo Adames,DEF,Leeds,-0.5,0,0,7,0,2.5,463,14,2,0,1.2,7.6,2021-08-21T14:00:00Z,59,8,0,0,0,0,2,0,60316,2,2,2,0,-7223,2019,9242,50,TRUE,0,2
Trent Alexander-Arnold,DEF,Liverpool,10,1,3,50,1,100.9,237,15,0,0,18.2,54,2021-08-21T11:30:00Z,90,5,0,0,0,0,2,0,2418233,0,2,27,12,-14721,68535,83256,75,TRUE,0,2
Ricardo Domingos Barbosa Pereira,DEF,Leicester,5.5,0,0,7,0,2.3,207,20,4,0,2,13.8,2021-08-23T19:00:00Z,90,19,0,0,0,0,2,0,412582,1,4,4,-1,119239,139339,20100,55,FALSE,1,2
James Tarkowski,DEF,Burnley,2.5,0,0,7,0,0.3,98,15,2,0,3.2,19.2,2021-08-21T11:30:00Z,90,11,0,0,0,0,2,0,118063,0,2,12,1,2755,13406,10651,50,FALSE,0,2
Cheikhou Kouyaté,DEF,Crystal Palace,4.5,0,1,27,1,0.8,150,13,0,0,1.4,13.4,2021-08-21T14:00:00Z,90,3,0,0,0,0,2,0,37299,0,0,0,7,521,4017,3496,45,TRUE,0,2
Kristoffer Ajer,DEF,Brentford,5.5,0,0,21,1,0.6,483,13,0,0,2.7,8.4,2021-08-21T14:00:00Z,90,7,0,0,0,0,2,0,62183,0,0,18,6,10046,13680,3634,45,FALSE,0,2
Matthew Lowton,DEF,Burnley,0,0,0,14,0,12.8,110,15,2,0,2.3,10.6,2021-08-21T11:30:00Z,90,11,0,0,0,0,2,0,168739,0,2,0,1,-16286,2408,18694,45,FALSE,0,2
Rúben Santos Gato Alves Dias,DEF,Man City,8,1,2,38,1,28.7,262,16,0,0,6.6,37.4,2021-08-21T14:00:00Z,90,15,0,0,0,0,2,0,1844026,0,5,0,11,-45563,64929,110492,60,TRUE,0,2
William Troost-Ekong,DEF,Watford,0.5,0,0,19,0,1,387,12,2,0,3.3,28.2,2021-08-21T16:30:00Z,90,4,0,0,0,0,2,0,9032,0,2,4,1,-257,713,970,45,FALSE,0,2
Conor Coady,DEF,Wolves,1.5,0,0,16,0,0.5,429,17,1,0,1.8,17,2021-08-22T13:00:00Z,90,17,0,0,0,0,2,0,496233,1,0,0,2,-21378,13556,34934,45,TRUE,0,2
Haydon Roberts,DEF,Brighton,1.5,0,0,0,0,0,560,12,0,0,0,0,2021-08-21T16:30:00Z,0,18,0,0,0,0,2,0,0,0,2,0,0,0,0,0,40,TRUE,0,2
Craig Cathcart,DEF,Watford,0.5,0,0,7,0,1.7,379,12,2,0,0.9,7.2,2021-08-21T16:30:00Z,64,4,0,0,0,0,2,0,12032,0,2,0,1,-166,1086,1252,45,FALSE,0,2
Gabriel Magalhães,DEF,Arsenal,0,0,0,0,0,0,23,18,0,0,0,0,2021-08-22T15:30:00Z,0,6,0,0,0,0,2,0,5261,2,0,0,0,-1748,157,1905,50,TRUE,0,2
Francisco Sierralta,DEF,Watford,-0.5,0,0,0,0,0,396,12,0,0,0,0,2021-08-21T16:30:00Z,0,4,0,0,0,0,2,0,11739,0,2,0,0,-2137,74,2211,45,FALSE,0,2
Calum Chambers,DEF,Arsenal,0.5,0,0,0,0,0,10,18,0,0,0,0,2021-08-22T15:30:00Z,0,6,0,0,0,0,2,0,29487,2,0,0,0,-2702,1502,4204,45,TRUE,0,2
Jonathan Castro Otto,DEF,Wolves,0,0,0,0,0,0,433,17,0,0,0,0,2021-08-22T13:00:00Z,0,17,0,0,0,0,2,0,422,1,0,0,0,-51,38,89,45,TRUE,0,2
James Tomkins,DEF,Crystal Palace,0.5,0,0,0,0,0,147,13,0,0,0,0,2021-08-21T14:00:00Z,0,3,0,0,0,0,2,0,10345,0,0,0,0,-869,395,1264,45,TRUE,0,2
Ezri Konsa Ngoyo,DEF,Aston Villa,4,0,0,22,1,10.5,45,11,0,0,3,15.4,2021-08-21T14:00:00Z,90,14,0,0,0,0,2,0,76463,0,2,4,6,-4576,3228,7804,50,TRUE,0,2
Christian Marques,DEF,Wolves,-0.5,0,0,0,0,0,549,17,0,0,0,0,2021-08-22T13:00:00Z,0,17,0,0,0,0,2,0,14604,1,0,0,0,4940,6001,1061,40,TRUE,0,2
Nathan Aké,DEF,Man City,2.5,0,0,0,0,0,258,16,0,0,0,0,2021-08-21T14:00:00Z,0,15,0,0,0,0,2,0,42395,0,5,0,0,5602,10000,4398,50,TRUE,0,2
Jonjoe Kenny,DEF,Everton,0,0,0,0,0,0,502,14,0,0,0,0,2021-08-21T14:00:00Z,0,10,0,0,0,0,2,0,5784,2,2,0,0,-431,312,743,45,FALSE,0,2
Angelo Ogbonna,DEF,West Ham,1.5,0,0,15,0,0.2,409,20,1,0,1.5,13.2,2021-08-23T19:00:00Z,90,9,0,0,0,0,2,0,10620,1,4,2,2,-835,674,1509,50,TRUE,0,2
Rob Holding,DEF,Arsenal,0,0,0,8,0,0.3,14,18,2,0,3.8,31.4,2021-08-22T15:30:00Z,90,6,0,0,0,0,2,0,122888,2,0,6,0,-33396,1363,34759,44,TRUE,1,2
Seamus Coleman,DEF,Everton,1,0,0,5,0,10.5,165,14,2,0,2.3,11.4,2021-08-21T14:00:00Z,90,10,0,0,0,0,2,0,52475,2,2,1,0,1022,5763,4741,50,FALSE,1,2
Sergio Reguilón,DEF,Spurs,7,0,0,24,1,4.3,370,17,0,0,2.4,19.2,2021-08-22T13:00:00Z,90,20,0,0,0,0,2,0,340874,1,0,0,6,78316,99578,21262,50,FALSE,0,2
Timothy Castagne,DEF,Leicester,0,0,0,0,0,0,209,20,0,0,0,0,2021-08-23T19:00:00Z,0,19,0,0,0,0,2,0,65153,1,4,0,0,-18856,548,19404,54,FALSE,0,2
Joachim Andersen,DEF,Crystal Palace,3.5,0,0,18,1,1,488,13,0,0,1.4,9.2,2021-08-21T14:00:00Z,90,3,0,0,0,0,2,0,35072,0,0,4,5,-1805,1600,3405,45,TRUE,1,2
Yerson Mosquera Valdelamar,DEF,Wolves,-0.1,0,0,0,0,0,446,17,0,0,0,0,2021-08-22T13:00:00Z,0,17,0,0,0,0,2,0,1991,1,0,0,0,-441,36,477,45,TRUE,0,2
Tyrick Mitchell,DEF,Crystal Palace,4,0,0,20,1,1.7,162,13,0,0,2.3,19,2021-08-21T14:00:00Z,90,3,0,0,0,0,2,0,49918,0,0,2,6,1218,5017,3799,45,TRUE,0,2
Andreas Christensen,DEF,Chelsea,6.5,0,0,28,1,1.8,133,18,0,0,1.5,13,2021-08-22T15:30:00Z,90,1,0,0,0,0,2,0,101993,2,0,0,6,17145,25369,8224,50,FALSE,0,2
Victor Lindelöf,DEF,Man Utd,4,0,0,12,0,0.8,284,19,1,0,1.4,13.2,2021-08-22T13:00:00Z,90,16,0,0,0,0,2,0,61124,1,1,0,2,4756,10505,5749,50,FALSE,0,2
Jannik Vestergaard,DEF,Leicester,0.5,0,0,0,0,0,340,20,0,0,0,0,2021-08-23T19:00:00Z,0,19,0,0,0,0,2,0,108119,1,4,0,0,-4005,7477,11482,50,FALSE,0,2
Javier Manquillo,DEF,Newcastle,-0.5,0,0,0,0,0,302,11,0,0,0,0,2021-08-21T14:00:00Z,0,2,0,0,0,0,2,0,679162,0,2,0,0,-33836,16154,49990,40,FALSE,0,2
Romain Perraud,DEF,Southampton,1,0,0,8,0,0.8,460,19,1,0,0.6,5.4,2021-08-22T13:00:00Z,78,13,0,0,0,0,2,0,7929,1,1,0,2,-812,232,1044,50,TRUE,0,2
Ben Davies,DEF,Spurs,0.5,0,0,0,0,0,364,17,0,0,0,0,2021-08-22T13:00:00Z,0,20,0,0,0,0,2,0,21407,1,0,0,0,-1804,1094,2898,45,FALSE,0,2
Martin Kelly,DEF,Crystal Palace,0.5,0,0,0,0,0,151,13,0,0,0,0,2021-08-21T14:00:00Z,0,3,0,0,0,0,2,0,88019,0,0,0,0,-3392,3832,7224,40,TRUE,0,2
Bernardo Fernandes Da Silva Junior,DEF,Brighton,0,0,0,0,0,0,68,12,0,0,0,0,2021-08-21T16:30:00Z,0,18,0,0,0,0,2,0,856,0,2,0,0,-167,0,167,40,TRUE,0,2
Luke Ayling,DEF,Leeds,3.5,0,0,16,0,13.5,185,14,2,0,4.9,27.6,2021-08-21T14:00:00Z,90,8,0,0,0,0,2,0,962027,2,2,8,1,80087,112472,32385,45,TRUE,0,2
Mads Roerslev Rasmussen,DEF,Brentford,-0.5,0,0,0,0,0,89,13,0,0,0,0,2021-08-21T14:00:00Z,0,7,0,0,0,0,2,0,5818,0,0,0,0,-1282,91,1373,45,FALSE,0,2
Jonny Evans,DEF,Leicester,0,0,0,0,0,0,201,20,0,0,0,0,2021-08-23T19:00:00Z,0,19,0,0,0,0,2,0,13390,1,4,0,0,-4060,133,4193,55,FALSE,0,2
Joe Rodon,DEF,Spurs,0,0,0,0,0,0,374,17,0,0,0,0,2021-08-22T13:00:00Z,0,20,0,0,0,0,2,0,8606,1,0,0,0,-1401,197,1598,45,FALSE,0,2
Erik Pieters,DEF,Burnley,-0.5,0,0,2,0,0.9,100,15,0,0,0.2,0,2021-08-21T11:30:00Z,11,11,0,0,0,0,2,0,13362,0,2,2,1,-1884,253,2137,45,FALSE,0,2
Michael Keane,DEF,Everton,1.5,0,0,11,0,0.1,169,14,2,0,4,23.2,2021-08-21T14:00:00Z,90,10,0,0,0,0,2,0,204423,2,2,17,1,-11677,5546,17223,50,FALSE,0,2
Adam Masina,DEF,Watford,0.5,0,0,15,0,11.7,390,12,2,0,3.3,21,2021-08-21T16:30:00Z,90,4,0,0,0,0,2,0,9061,0,2,0,1,-173,750,923,45,FALSE,0,2
Ryan Sessegnon,DEF,Spurs,0.5,0,0,0,0,0,368,17,0,0,0,0,2021-08-22T13:00:00Z,0,20,0,0,0,0,2,0,11217,1,0,0,0,-1313,206,1519,45,FALSE,0,2
Daniel Amartey,DEF,Leicester,3,0,0,14,0,0.4,208,20,4,0,1.4,13.8,2021-08-23T19:00:00Z,90,19,0,0,0,0,2,0,1302262,1,4,0,0,164815,197012,32197,40,FALSE,0,2
César Azpilicueta,DEF,Chelsea,6,0,0,25,1,4.1,119,18,0,0,3,23.6,2021-08-22T15:30:00Z,90,1,0,0,0,0,2,0,305902,2,0,2,6,-4272,20090,24362,60,FALSE,0,2
Dan Burn,DEF,Brighton,0,0,0,0,0,0,58,12,0,0,0,0,2021-08-21T16:30:00Z,0,18,0,0,0,0,2,0,2407,0,2,0,0,-727,55,782,45,TRUE,0,2
Andrew Omobamidele,DEF,Norwich,-1.5,0,0,0,0,0,331,16,0,0,0,0,2021-08-21T14:00:00Z,0,12,0,0,0,0,2,0,104044,0,5,0,0,-9200,1371,10571,40,FALSE,0,2
Ryan Bertrand,DEF,Leicester,0,0,0,0,0,0,473,20,0,0,0,0,2021-08-23T19:00:00Z,0,19,0,0,0,0,2,0,100985,1,4,0,0,-46247,1010,47257,50,FALSE,0,2
Lucas Digne,DEF,Everton,1,0,0,13,0,47.1,168,14,2,0,6.2,14.8,2021-08-21T14:00:00Z,90,10,0,0,0,0,2,0,1317706,2,2,0,0,-52082,38901,90983,55,FALSE,1,2
Sead Kolasinac,DEF,Arsenal,0,0,0,0,0,0,11,18,0,0,0,0,2021-08-22T15:30:00Z,0,6,0,0,0,0,2,0,9325,2,0,0,0,-1705,254,1959,45,TRUE,0,2
Craig Dawson,DEF,West Ham,1.5,0,0,7,0,10.8,414,20,1,0,4.1,3,2021-08-23T19:00:00Z,90,9,0,0,0,0,2,0,23171,1,4,27,2,-1266,1098,2364,50,TRUE,0,2
Ben White,DEF,Arsenal,0.5,0,0,0,0,0,67,18,0,0,0,0,2021-08-22T15:30:00Z,0,6,0,0,0,0,2,0,1557470,2,0,0,0,-206940,23951,230891,45,TRUE,0,2
Thiago Emiliano da Silva,DEF,Chelsea,0,0,0,0,0,0,121,18,0,0,0,0,2021-08-22T15:30:00Z,0,1,0,0,0,0,2,0,208598,2,0,0,0,-41338,4880,46218,55,FALSE,0,2
Kurt Zouma,DEF,Chelsea,0,0,0,0,0,0,128,18,0,0,0,0,2021-08-22T15:30:00Z,0,1,0,0,0,0,2,0,86341,2,0,0,0,-21039,1267,22306,54,FALSE,0,2
Aaron Cresswell,DEF,West Ham,4.5,0,0,12,0,4.2,411,20,1,0,1.9,8.6,2021-08-23T19:00:00Z,90,9,0,0,0,0,2,0,1345295,1,4,6,2,21799,76490,54691,55,TRUE,0,2
Federico Fernández,DEF,Newcastle,0,0,0,16,0,13.1,465,11,2,0,2.5,5.4,2021-08-21T14:00:00Z,77,2,0,0,0,0,2,0,16228,0,2,6,1,-940,877,1817,45,FALSE,0,2
Mohammed Salisu,DEF,Southampton,1.5,0,1,14,0,0.3,351,19,1,0,3,27.8,2021-08-22T13:00:00Z,90,13,0,0,0,0,2,0,6844,1,1,2,3,-483,293,776,45,TRUE,0,2
Matt Ritchie,DEF,Newcastle,1.5,0,0,13,0,72.8,292,11,2,0,9.2,17.8,2021-08-21T14:00:00Z,90,2,0,0,0,0,2,0,24799,0,2,1,1,2072,4593,2521,50,FALSE,0,2
Ryan Fredericks,DEF,West Ham,0.5,0,0,0,0,0,415,20,0,0,0,0,2021-08-23T19:00:00Z,0,9,0,0,0,0,2,0,11112,1,4,0,0,-644,658,1302,45,TRUE,0,2
Eric Bailly,DEF,Man Utd,0.5,0,0,0,0,0,286,30,0,0,0,0,2021-08-29T15:30:00Z,0,20,0,0,0,0,3,0,7168,1,0,0,0,-509,378,887,50,FALSE,0,3
Paul Dummett,DEF,Newcastle,-0.4,0,0,0,0,0,301,25,0,0,0,0,2021-08-28T14:00:00Z,0,16,0,0,0,0,3,0,1101,2,2,0,0,-236,47,283,45,TRUE,0,3
Willy Boly,DEF,Wolves,-0.4,0,0,0,0,0,428,30,0,0,0,0,2021-08-29T15:30:00Z,0,13,0,0,0,0,3,0,5504,1,0,0,0,-988,119,1107,49,TRUE,0,3
José Diogo Dalot Teixeira,DEF,Man Utd,0.5,0,0,0,0,0,510,30,0,0,0,0,2021-08-29T15:30:00Z,1,20,0,0,0,0,3,0,5489,1,0,0,0,-772,288,1060,45,FALSE,1,3
Jamal Baptiste,DEF,West Ham,0.5,0,0,0,0,0,554,28,0,0,0,0,2021-08-28T14:00:00Z,0,7,0,0,0,0,3,0,9313,2,2,0,0,1616,2770,1154,40,TRUE,0,3
Sam Byram,DEF,Norwich,0,0,0,0,0,0,321,26,0,0,0,0,2021-08-28T14:00:00Z,0,9,0,0,0,0,3,0,1369,2,1,0,0,-431,51,482,45,TRUE,0,3
Danny Rose,DEF,Watford,-1,0,0,0,0,0,377,27,0,0,0,0,2021-08-29T13:00:00Z,0,17,0,0,0,0,3,0,34052,0,1,0,0,-8749,704,9453,44,FALSE,0,3
Liam Cooper,DEF,Leeds,1.8,0,0,14,0,3.9,184,29,1,0,2.3,12.8,2021-08-29T13:00:00Z,90,5,0,0,0,0,3,0,25267,1,1,6,2,19,2641,2622,45,FALSE,0,3
Frédéric Guilbert,DEF,Aston Villa,0.5,0,0,0,0,0,46,21,0,0,0,0,2021-08-28T14:00:00Z,0,3,0,0,0,0,3,0,2172,1,1,0,0,-18,224,242,45,TRUE,0,3
Matt Targett,DEF,Aston Villa,1.2,0,0,9,0,2.2,39,21,1,0,1.7,15.2,2021-08-28T14:00:00Z,90,3,0,0,0,0,3,0,412604,1,1,0,2,-201862,3759,205621,49,TRUE,0,3
Luke Shaw,DEF,Man Utd,4.2,0,0,21,1,17.8,275,30,0,0,2.8,10.4,2021-08-29T15:30:00Z,90,20,0,0,0,0,3,0,3844864,1,0,0,6,-179209,77468,256677,55,FALSE,0,3
Emerson Palmieri dos Santos,DEF,Chelsea,0,0,0,0,0,0,539,23,0,0,0,0,2021-08-28T16:30:00Z,0,11,0,0,0,0,3,0,1676,1,1,0,0,-1076,0,1076,45,FALSE,0,3
Ashley Young,DEF,Aston Villa,3.5,0,0,8,0,0.9,52,21,1,0,0.5,4,2021-08-28T14:00:00Z,78,3,0,0,0,0,3,0,86366,1,1,0,2,5886,14234,8348,50,TRUE,0,3
Christoph Zimmermann,DEF,Norwich,-1,0,0,0,0,0,324,26,0,0,0,0,2021-08-28T14:00:00Z,0,9,0,0,0,0,3,0,6708,2,1,0,0,-1218,59,1277,45,TRUE,0,3
Shane Duffy,DEF,Brighton,5.7,0,0,14,0,0.5,56,22,2,0,2.9,24,2021-08-28T14:00:00Z,90,8,0,0,0,0,3,0,901780,2,0,4,1,449332,488118,38786,41,TRUE,0,3
Reece James,DEF,Chelsea,6.7,1,0,-2,0,15,142,23,1,0,2.4,8.6,2021-08-28T16:30:00Z,47,11,0,0,0,1,3,0,833445,1,1,0,1,308746,357269,48523,56,FALSE,0,3
Kortney Hause,DEF,Aston Villa,0.8,0,0,5,0,0.1,36,21,0,0,0.3,3.2,2021-08-28T14:00:00Z,1,3,0,0,0,0,3,0,8189,1,1,0,1,-1120,333,1453,44,TRUE,0,3
Tyrone Mings,DEF,Aston Villa,5.5,0,0,0,0,0,38,21,0,0,0,0,2021-08-28T14:00:00Z,0,3,0,0,0,0,3,0,817626,1,1,0,0,181873,215540,33667,50,TRUE,0,3
Björn Engels,DEF,Aston Villa,0,0,0,0,0,0,31,21,0,0,0,0,2021-08-28T14:00:00Z,0,3,0,0,0,0,3,0,63,1,1,0,0,-7,0,7,45,TRUE,0,3
Francisco Femenía Far,DEF,Watford,-1,0,0,0,0,0,382,27,0,0,0,0,2021-08-29T13:00:00Z,0,17,0,0,0,0,3,0,11319,0,1,0,0,-3042,245,3287,44,FALSE,0,3
Héctor Bellerín,DEF,Arsenal,-0.5,0,0,0,0,0,9,24,0,0,0,0,2021-08-28T11:30:00Z,0,12,0,0,0,0,3,0,48415,0,5,0,0,-17353,969,18322,48,FALSE,0,3
Wesley Fofana,DEF,Leicester,0,0,0,0,0,0,220,26,0,0,0,0,2021-08-28T14:00:00Z,0,15,0,0,0,0,3,0,35855,2,1,0,0,-8256,301,8557,44,FALSE,0,3
Arthur Masuaku,DEF,West Ham,0.1,0,0,0,0,0,417,28,0,0,0,0,2021-08-28T14:00:00Z,0,7,0,0,0,0,3,0,3746,2,2,0,0,-783,74,857,44,TRUE,0,3
Brandon Williams,DEF,Norwich,-0.7,0,0,14,0,3.1,290,26,2,0,1.7,14,2021-08-28T14:00:00Z,90,9,0,0,0,0,3,0,184362,2,1,0,1,20771,30162,9391,40,TRUE,0,3
Jeremy Ngakia,DEF,Watford,-0.7,0,0,3,0,0.4,400,27,0,0,1.3,12.4,2021-08-29T13:00:00Z,39,17,0,0,0,0,3,0,4074,0,1,0,1,-553,64,617,44,FALSE,0,3
Ben Davies,DEF,Liverpool,0,0,0,0,0,0,248,23,0,0,0,0,2021-08-28T16:30:00Z,0,6,0,0,0,0,3,0,20592,1,1,0,0,-6159,0,6159,40,TRUE,0,3
Trevoh Chalobah,DEF,Chelsea,5,0,0,4,0,0,527,23,0,0,0.2,2.2,2021-08-28T16:30:00Z,3,11,0,0,0,0,3,0,187573,1,1,0,1,-52689,23264,75953,50,FALSE,0,3
Bali Mumba,DEF,Norwich,0,0,0,0,0,0,515,26,0,0,0,0,2021-08-28T14:00:00Z,0,9,0,0,0,0,3,0,25901,2,1,0,0,-2488,1107,3595,40,TRUE,0,3
Fabian Schär,DEF,Newcastle,-0.5,0,0,8,0,0.3,305,25,2,0,1.1,10.4,2021-08-28T14:00:00Z,90,16,0,0,0,0,3,0,17224,2,2,0,0,-1828,478,2306,45,TRUE,1,3
Benjamin Chilwell,DEF,Chelsea,0,0,0,0,0,0,135,23,0,0,0,0,2021-08-28T16:30:00Z,0,11,0,0,0,0,3,0,516090,1,1,0,0,-236742,4576,241318,58,FALSE,0,3
Andrew Robertson,DEF,Liverpool,0.7,0,0,12,0,56.7,234,23,1,0,8.8,17.8,2021-08-28T16:30:00Z,85,6,0,0,0,0,3,0,83990,1,1,13,2,4152,15815,11663,70,TRUE,0,3
Rayan Ait Nouri,DEF,Wolves,-0.2,0,0,0,0,0,470,30,0,0,0,0,2021-08-29T15:30:00Z,0,13,0,0,0,0,3,0,34310,1,0,0,0,-7142,938,8080,44,TRUE,0,3
Michal Karbownik,DEF,Brighton,0,0,0,0,0,0,536,22,0,0,0,0,2021-08-28T14:00:00Z,0,8,0,0,0,0,3,0,5802,2,0,0,0,1179,1861,682,40,TRUE,0,3
Ciaran Clark,DEF,Newcastle,-0.5,0,0,0,0,0,293,25,0,0,0,0,2021-08-28T14:00:00Z,0,16,0,0,0,0,3,0,9990,2,2,0,0,-1659,319,1978,45,TRUE,0,3
Bobby Thomas,DEF,Burnley,-0.5,0,0,0,0,0,534,29,0,0,0,0,2021-08-29T13:00:00Z,0,10,0,0,0,0,3,0,14845,1,1,0,0,1914,4179,2265,40,TRUE,0,3
Rhys Williams,DEF,Liverpool,0,0,0,0,0,0,247,23,0,0,0,0,2021-08-28T16:30:00Z,0,6,0,0,0,0,3,0,4587,1,1,0,0,-627,203,830,44,TRUE,0,3
João Pedro Cavaco Cancelo,DEF,Man City,5.2,0,0,28,1,18.3,256,24,0,0,6,18.6,2021-08-28T11:30:00Z,90,1,0,0,0,0,3,0,554340,0,5,23,6,-5213,37095,42308,60,TRUE,0,3
Cédric Soares,DEF,Arsenal,-0.5,0,0,1,0,1,5,24,5,0,0.5,4.4,2021-08-28T11:30:00Z,90,12,0,0,0,0,3,0,17617,0,5,0,-1,-1038,1515,2553,44,FALSE,1,3
Joseph Gomez,DEF,Liverpool,0.3,0,0,0,0,0,238,23,0,0,0,0,2021-08-28T16:30:00Z,0,6,0,0,0,0,3,0,48696,1,1,0,0,-7716,2421,10137,49,TRUE,0,3
Eric Dier,DEF,Spurs,7.7,0,1,27,1,1.1,361,27,0,0,3.7,26.8,2021-08-29T13:00:00Z,90,18,0,0,0,0,3,0,404813,0,1,9,7,153990,182400,28410,46,TRUE,0,3
Charlie Cresswell,DEF,Leeds,0.5,0,0,0,0,0,563,29,0,0,0,0,2021-08-29T13:00:00Z,0,5,0,0,0,0,3,0,9172,1,1,0,0,5230,6034,804,40,FALSE,0,3
Jan Bednarek,DEF,Southampton,0.8,0,0,0,0,0,343,25,0,0,0,0,2021-08-28T14:00:00Z,0,14,0,0,0,0,3,0,69190,2,2,0,0,-8013,1435,9448,45,FALSE,0,3
Niels Nkounkou,DEF,Everton,1,0,0,0,0,0,570,22,0,0,0,0,2021-08-28T14:00:00Z,0,4,0,0,0,0,3,0,0,2,0,0,0,0,0,0,40,FALSE,0,3
Pontus Jansson,DEF,Brentford,6.8,1,2,28,0,10.3,76,21,1,0,4.1,28.4,2021-08-28T14:00:00Z,90,2,0,0,0,0,3,0,99653,1,1,2,7,36144,47730,11586,45,FALSE,0,3
Aymeric Laporte,DEF,Man City,7.2,0,0,23,1,3.2,259,24,0,0,7.7,11.8,2021-08-28T11:30:00Z,90,1,0,0,0,0,3,0,233410,0,5,62,6,85591,102977,17386,55,TRUE,0,3
Nuno Varela Tavares,DEF,Arsenal,0.2,0,0,0,0,0,466,24,0,0,0,0,2021-08-28T11:30:00Z,0,12,0,0,0,0,3,0,21774,0,5,0,0,-1401,2258,3659,45,FALSE,0,3
Konstantinos Tsimikas,DEF,Liverpool,6,0,0,4,0,14.3,245,23,0,0,1.8,4,2021-08-28T16:30:00Z,4,6,0,0,0,0,3,0,2205058,1,1,0,1,130949,422275,291326,42,TRUE,0,3
Dimitris Giannoulis,DEF,Norwich,-0.7,0,0,0,0,0,457,26,0,0,0,0,2021-08-28T14:00:00Z,0,9,0,0,0,0,3,0,7058,2,1,0,0,-887,182,1069,45,TRUE,0,3
Kyle Walker-Peters,DEF,Southampton,0.8,0,0,13,0,27.3,342,25,2,0,4.8,11.8,2021-08-28T14:00:00Z,90,14,0,0,0,0,3,0,48092,2,2,9,0,-5781,2241,8022,49,FALSE,1,3
Christian Kabasele,DEF,Watford,-0.3,0,0,0,0,0,384,27,0,0,0,0,2021-08-29T13:00:00Z,0,17,0,0,0,0,3,0,7778,0,1,0,0,-880,279,1159,45,FALSE,0,3
Ibrahima Konaté,DEF,Liverpool,0,0,0,0,0,0,243,23,0,0,0,0,2021-08-28T16:30:00Z,0,6,0,0,0,0,3,0,128476,1,1,0,0,-53198,1843,55041,53,TRUE,0,3
Luke Thomas,DEF,Leicester,4,0,0,14,0,10.6,219,26,1,0,2.5,14,2021-08-28T14:00:00Z,90,15,0,0,0,0,3,0,90122,2,1,0,2,3718,17205,13487,45,FALSE,0,3
Diego Llorente,DEF,Leeds,1.2,0,0,10,0,1,190,29,1,0,1.9,18,2021-08-29T13:00:00Z,64,5,0,0,0,0,3,0,6401,1,1,0,2,-425,466,891,45,FALSE,0,3
Robin Koch,DEF,Leeds,0.1,0,0,0,0,0,194,29,0,0,0,0,2021-08-29T13:00:00Z,0,5,0,0,0,0,3,0,17702,1,1,0,0,-5736,193,5929,45,FALSE,0,3
Nathan Ferguson,DEF,Crystal Palace,0,0,0,0,0,0,161,28,0,0,0,0,2021-08-28T14:00:00Z,0,19,0,0,0,0,3,0,335,2,2,0,0,-79,42,121,45,FALSE,0,3
Neco Williams,DEF,Liverpool,0,0,0,0,0,0,246,23,0,0,0,0,2021-08-28T16:30:00Z,0,6,0,0,0,0,3,0,62207,1,1,0,0,-5159,3160,8319,40,TRUE,0,3
Ben Mee,DEF,Burnley,0.5,0,0,9,0,10.2,106,29,1,0,4.5,17.2,2021-08-29T13:00:00Z,90,10,0,0,0,0,3,0,55742,1,1,18,1,-4999,1898,6897,50,TRUE,1,3
Pascal Struijk,DEF,Leeds,1.2,0,0,13,0,0.3,198,29,1,0,2.4,23.4,2021-08-29T13:00:00Z,90,5,0,0,0,0,3,0,27669,1,1,0,1,-2466,939,3405,45,FALSE,1,3
Konstantinos Mavropanos,DEF,Arsenal,0,0,0,0,0,0,24,24,0,0,0,0,2021-08-28T11:30:00Z,0,12,0,0,0,0,3,0,71,0,5,0,0,-6,0,6,45,FALSE,0,3
Serge Aurier,DEF,Spurs,1,0,0,0,0,0,358,27,0,0,0,0,2021-08-29T13:00:00Z,0,18,0,0,0,0,3,0,41582,0,1,0,0,-6854,2723,9577,49,TRUE,0,3
Marc Guéhi,DEF,Crystal Palace,2.2,0,0,12,0,0.7,477,28,2,0,4.8,20,2021-08-28T14:00:00Z,90,19,0,0,0,0,3,0,24959,2,2,27,1,-547,1707,2254,45,FALSE,0,3
Ethan Ampadu,DEF,Chelsea,0,0,0,0,0,0,139,23,0,0,0,0,2021-08-28T16:30:00Z,0,11,0,0,0,0,3,0,8065,1,1,0,0,-754,525,1279,45,FALSE,0,3
Benjamin Mendy,DEF,Man City,1.5,0,0,0,0,0,253,24,0,0,0,0,2021-08-28T11:30:00Z,0,1,0,0,0,0,3,0,66002,0,5,0,0,-22227,1799,24026,54,TRUE,0,3
Owen Dodgson,DEF,Burnley,-0.5,0,0,0,0,0,565,29,0,0,0,0,2021-08-29T13:00:00Z,0,10,0,0,0,0,3,0,1730,1,1,0,0,554,646,92,40,TRUE,0,3
Dominic Thompson,DEF,Brentford,-0.5,0,0,0,0,0,498,21,0,0,0,0,2021-08-28T14:00:00Z,0,2,0,0,0,0,3,0,3676,1,1,0,0,-393,174,567,45,FALSE,0,3
Issa Diop,DEF,West Ham,0.5,0,0,0,0,0,424,28,0,0,0,0,2021-08-28T14:00:00Z,0,7,0,0,0,0,3,0,28255,2,2,0,0,-4032,1397,5429,44,TRUE,0,3
Rico Henry,DEF,Brentford,4.2,0,0,4,0,11.3,83,21,1,0,2.9,9.4,2021-08-28T14:00:00Z,90,2,0,0,0,0,3,0,82124,1,1,8,2,9665,18742,9077,45,FALSE,0,3
Frederik Alves,DEF,West Ham,0,0,0,0,0,0,521,28,0,0,0,0,2021-08-28T14:00:00Z,0,7,0,0,0,0,3,0,25316,2,2,0,0,-4935,0,4935,40,TRUE,0,3
Cristian Romero,DEF,Spurs,1.3,0,0,0,0,0,494,27,0,0,0,0,2021-08-29T13:00:00Z,0,18,0,0,0,0,3,0,28093,0,1,0,0,-5264,2685,7949,49,TRUE,0,3
Joel Matip,DEF,Liverpool,4.7,0,0,8,0,3.6,224,23,1,0,3.8,16.2,2021-08-28T16:30:00Z,90,6,0,0,0,0,3,0,98977,1,1,18,2,19020,35149,16129,50,TRUE,0,3
Virgil van Dijk,DEF,Liverpool,5,0,0,20,0,2.9,229,23,1,0,3.8,20.2,2021-08-28T16:30:00Z,90,6,0,0,0,0,3,0,1111675,1,1,15,2,-10621,64436,75057,65,TRUE,0,3
Ben Wilmot,DEF,Watford,0,0,0,0,0,0,401,27,0,0,0,0,2021-08-29T13:00:00Z,0,17,0,0,0,0,3,0,48,0,1,0,0,-4,0,4,45,FALSE,0,3
Max Aarons,DEF,Norwich,0.3,0,2,27,0,42.8,326,26,2,0,9.1,30.2,2021-08-28T14:00:00Z,90,9,0,0,0,0,3,0,148083,2,1,18,3,-18349,5103,23452,45,TRUE,0,3
Antonio Rüdiger,DEF,Chelsea,4.3,0,0,8,0,3.3,127,23,1,0,1.8,14.2,2021-08-28T16:30:00Z,90,11,0,0,0,0,3,0,572284,1,1,0,1,-14441,38832,53273,55,FALSE,1,3
Jamaal Lascelles,DEF,Newcastle,-0.2,0,0,0,0,0.3,299,25,2,0,0.3,0,2021-08-28T14:00:00Z,90,16,0,0,0,0,3,0,26590,2,2,4,0,-1583,1558,3141,45,TRUE,1,3
Mads Bech Sørensen,DEF,Brentford,0,0,0,0,0,0,90,21,0,0,0,0,2021-08-28T14:00:00Z,0,2,0,0,0,0,3,0,7833,1,1,0,0,-1851,122,1973,45,FALSE,0,3
Malang Sarr,DEF,Chelsea,0,0,0,0,0,0,501,23,0,0,0,0,2021-08-28T16:30:00Z,0,11,0,0,0,0,3,0,4388,1,1,0,0,-673,141,814,50,FALSE,0,3
Reece Hannam,DEF,Crystal Palace,-0.5,0,0,0,0,0,540,28,0,0,0,0,2021-08-28T14:00:00Z,0,19,0,0,0,0,3,0,3307,2,2,0,0,-143,364,507,40,FALSE,0,3
Nathaniel Clyne,DEF,Crystal Palace,-0.5,0,0,0,0,0,493,28,0,0,0,0,2021-08-28T14:00:00Z,0,19,0,0,0,0,3,0,8496,2,2,0,0,-1134,246,1380,45,FALSE,0,3
Yerry Mina,DEF,Everton,0.3,0,0,0,0,0,175,22,0,0,0,0,2021-08-28T14:00:00Z,0,4,0,0,0,0,3,0,45850,2,0,0,0,-4928,3313,8241,50,FALSE,0,3
Nathan Collins,DEF,Burnley,-0.5,0,0,0,0,0,451,29,0,0,0,0,2021-08-29T13:00:00Z,0,10,0,0,0,0,3,0,7170,1,1,0,0,-797,175,972,45,TRUE,0,3
James Justin,DEF,Leicester,0,0,0,0,0,0,218,26,0,0,0,0,2021-08-28T14:00:00Z,0,15,0,0,0,0,3,0,2113,2,1,0,0,-354,81,435,50,FALSE,0,3
Grant Hanley,DEF,Norwich,-0.3,0,0,11,0,0.2,319,26,2,0,1.5,12.4,2021-08-28T14:00:00Z,90,9,0,0,0,0,3,0,12072,2,1,2,1,-1600,285,1885,45,TRUE,0,3
Emil Krafth,DEF,Newcastle,-0.5,0,0,0,0,0,303,25,0,0,0,0,2021-08-28T14:00:00Z,0,16,0,0,0,0,3,0,4893,2,2,0,0,-695,67,762,45,TRUE,0,3
Jarosław Jach,DEF,Crystal Palace,-0.5,0,0,0,0,0,158,28,0,0,0,0,2021-08-28T14:00:00Z,0,19,0,0,0,0,3,0,3715,2,2,0,0,-456,47,503,45,FALSE,0,3
Çaglar Söyüncü,DEF,Leicester,3.7,0,0,12,0,0.7,217,26,1,0,2.1,20,2021-08-28T14:00:00Z,90,15,0,0,0,0,3,0,239016,2,1,0,2,-10367,17254,27621,50,FALSE,0,3
John Stones,DEF,Man City,0.5,0,0,0,0,0,252,24,0,0,0,0,2021-08-28T11:30:00Z,0,1,0,0,0,0,3,0,565878,0,5,0,0,-216887,8355,225242,54,TRUE,0,3
Pablo Marí,DEF,Arsenal,-0.2,0,0,0,0,0,8,24,0,0,0,0,2021-08-28T11:30:00Z,0,12,0,0,0,0,3,0,12951,0,5,0,0,-745,1562,2307,45,FALSE,0,3
Ethan Pinnock,DEF,Brentford,5.8,0,0,15,0,0.8,91,21,1,0,2.5,18.6,2021-08-28T14:00:00Z,90,2,0,0,0,0,3,0,463814,1,1,6,2,115761,157863,42102,46,FALSE,0,3
Davinson Sánchez,DEF,Spurs,7.3,0,0,23,1,1.6,367,27,0,0,2.4,11.4,2021-08-29T13:00:00Z,90,18,0,0,0,0,3,0,163181,0,1,11,6,73588,87065,13477,45,TRUE,0,3
Jacob Sørensen,DEF,Norwich,-1,0,0,0,0,0,327,26,0,0,0,0,2021-08-28T14:00:00Z,0,9,0,0,0,0,3,0,5301,2,1,0,0,-688,37,725,45,TRUE,0,3
Jamal Lewis,DEF,Newcastle,-0.5,0,0,0,0,0,311,25,0,0,0,0,2021-08-28T14:00:00Z,0,16,0,0,0,0,3,0,10701,2,2,0,0,-1721,347,2068,44,TRUE,0,3
Winston Reid,DEF,West Ham,0.5,0,0,0,0,0,410,28,0,0,0,0,2021-08-28T14:00:00Z,0,7,0,0,0,0,3,0,138475,2,2,0,0,-8114,6136,14250,40,TRUE,0,3
Axel Tuanzebe,DEF,Aston Villa,1.5,0,0,14,0,0.2,283,21,1,0,3.9,21.8,2021-08-28T14:00:00Z,90,3,0,0,0,0,3,0,51968,1,1,17,2,-5695,1975,7670,45,TRUE,0,3
William Saliba,DEF,Arsenal,0,0,0,0,0,0,27,24,0,0,0,0,2021-08-28T11:30:00Z,0,12,0,0,0,0,3,0,268,0,5,0,0,-36,0,36,45,FALSE,0,3
Kevin Long,DEF,Burnley,0,0,0,0,0,0,103,29,0,0,0,0,2021-08-29T13:00:00Z,0,10,0,0,0,0,3,0,9890,1,1,0,0,-1320,388,1708,40,TRUE,0,3
Matt Doherty,DEF,Spurs,1.3,0,0,0,0,0,360,27,0,0,0,0,2021-08-29T13:00:00Z,0,18,0,0,0,0,3,0,41023,0,1,0,0,-12240,1532,13772,49,TRUE,0,3
Yan Valery,DEF,Southampton,0.5,0,0,0,0,0,546,25,0,0,0,0,2021-08-28T14:00:00Z,0,14,0,0,0,0,3,0,29714,2,2,0,0,5701,9316,3615,40,FALSE,0,3
Charlie Goode,DEF,Brentford,-0.4,0,0,0,0,0,87,21,0,0,0,0,2021-08-28T14:00:00Z,0,2,0,0,0,0,3,0,86748,1,1,0,0,-11569,3172,14741,40,FALSE,0,3
Marcos Alonso,DEF,Chelsea,7.7,0,0,9,0,11.9,122,23,1,0,3.9,22.6,2021-08-28T16:30:00Z,90,11,0,0,0,0,3,0,697605,1,1,4,2,139496,192118,52622,56,FALSE,0,3
Oleksandr Zinchenko,DEF,Man City,1.2,0,0,9,0,7.2,264,24,0,0,1.8,2.4,2021-08-28T11:30:00Z,45,1,0,0,0,0,3,0,96623,0,5,8,1,-22500,3151,25651,54,TRUE,0,3
Nathaniel Phillips,DEF,Liverpool,0,0,0,0,0,0,241,23,0,0,0,0,2021-08-28T16:30:00Z,0,6,0,0,0,0,3,0,18102,1,1,0,0,-3974,495,4469,44,TRUE,0,3
Phil Bardsley,DEF,Burnley,-0.5,0,0,0,0,0,99,29,0,0,0,0,2021-08-29T13:00:00Z,0,10,0,0,0,0,3,0,61255,1,1,0,0,-3635,2726,6361,40,TRUE,0,3
Cody Drameh,DEF,Leeds,0.5,0,0,0,0,0,562,29,0,0,0,0,2021-08-29T13:00:00Z,0,5,0,0,0,0,3,0,1492,1,1,0,0,421,514,93,40,FALSE,0,3
Matthew Cash,DEF,Aston Villa,3.2,0,0,7,0,1.5,44,21,1,0,2.3,15.2,2021-08-28T14:00:00Z,90,3,0,0,0,0,3,0,147978,1,1,6,1,4704,18272,13568,50,TRUE,1,3
Jarrad Branthwaite,DEF,Everton,0,0,0,0,0,0,544,22,0,0,0,0,2021-08-28T14:00:00Z,0,4,0,0,0,0,3,0,10103,2,0,0,0,877,2251,1374,40,FALSE,0,3
Joel Ward,DEF,Crystal Palace,1.8,0,0,13,0,0.8,474,28,2,0,1.4,12.8,2021-08-28T14:00:00Z,90,19,0,0,0,0,3,0,18914,2,2,0,1,-1581,1008,2589,45,FALSE,0,3
Vladimir Coufal,DEF,West Ham,2.8,0,0,11,0,24.7,418,28,2,0,4.6,19.6,2021-08-28T14:00:00Z,90,7,0,0,0,0,3,0,956620,2,2,2,1,17636,91910,74274,50,TRUE,0,3
Ben Johnson,DEF,West Ham,0.8,0,0,0,0,0,425,28,0,0,0,0,2021-08-28T14:00:00Z,0,7,0,0,0,0,3,0,179244,2,2,0,0,-9523,11925,21448,40,TRUE,0,3
Toby Alderweireld,DEF,Spurs,0,0,0,0,0,0,355,27,0,0,0,0,2021-08-29T13:00:00Z,0,18,0,0,0,0,3,0,2254,0,1,0,0,-411,0,411,50,TRUE,0,3
Tino Livramento,DEF,Southampton,1.8,0,0,16,0,34.8,491,25,2,0,5.8,13,2021-08-28T14:00:00Z,90,14,0,0,0,0,3,0,414345,2,2,10,1,237321,260098,22777,41,FALSE,0,3
Charlie Taylor,DEF,Burnley,0.8,0,0,13,0,1.2,113,29,1,0,3,26.6,2021-08-29T13:00:00Z,90,10,0,0,0,0,3,0,39685,1,1,2,2,-3331,1491,4822,45,TRUE,0,3
Mason Holgate,DEF,Everton,2.7,0,0,26,1,0.4,178,22,0,0,1.9,19,2021-08-28T14:00:00Z,90,4,0,0,0,0,3,0,56972,2,0,0,6,-10311,2021,12332,45,FALSE,0,3
Jack Stephens,DEF,Southampton,1.5,0,0,16,0,23.1,338,25,2,0,4.3,17.6,2021-08-28T14:00:00Z,90,14,0,0,0,0,3,0,9035,2,2,2,1,85,1057,972,45,FALSE,0,3
Lyanco Evangelista Silveira Neves Vojnovic,DEF,Southampton,2.2,0,0,0,0,0,567,25,0,0,0,0,2021-08-28T14:00:00Z,0,14,0,0,0,0,3,0,164,2,2,0,0,82,92,10,45,FALSE,0,3
Nélson Cabral Semedo,DEF,Wolves,0.8,0,0,12,0,13,437,30,1,0,2.7,11.8,2021-08-29T15:30:00Z,90,13,0,0,0,0,3,0,103284,1,0,2,2,-8154,6333,14487,49,TRUE,0,3
Romain Saïss,DEF,Wolves,1.2,0,0,7,0,0.4,431,30,1,0,8.1,30.2,2021-08-29T15:30:00Z,90,13,0,0,0,0,3,0,42467,1,0,50,1,-3454,2309,5763,50,TRUE,1,3
Ben Gibson,DEF,Norwich,-0.3,0,0,15,0,0.8,456,26,2,0,2.5,21.8,2021-08-28T14:00:00Z,90,9,0,0,0,0,3,0,7085,2,1,2,1,-754,286,1040,45,TRUE,0,3
Fernando Marçal,DEF,Wolves,1.2,0,0,11,0,2.8,432,30,1,0,2.1,18.2,2021-08-29T15:30:00Z,90,13,0,0,0,0,3,0,9021,1,0,0,2,1528,3208,1680,45,TRUE,0,3
Alex Nicolao Telles,DEF,Man Utd,0,0,0,0,0,0,279,30,0,0,0,0,2021-08-29T15:30:00Z,0,20,0,0,0,0,3,0,1235,1,0,0,0,-144,73,217,50,FALSE,0,3
Harry Maguire,DEF,Man Utd,3.8,0,1,30,1,0.7,273,30,0,0,5,27.2,2021-08-29T15:30:00Z,90,20,0,0,0,0,3,0,873199,1,0,22,7,-77057,20207,97264,55,FALSE,0,3
Raphaël Varane,DEF,Man Utd,6.5,1,3,35,1,10.5,555,30,0,0,4.7,36,2021-08-29T15:30:00Z,90,20,0,0,0,0,3,0,99101,1,0,0,12,12026,26767,14741,55,FALSE,0,3
Max Kilman,DEF,Wolves,1.5,0,0,15,0,0.7,439,30,1,0,1,9.2,2021-08-29T15:30:00Z,90,13,0,0,0,0,3,0,15234,1,0,0,2,150,2057,1907,45,TRUE,0,3
Kieran Tierney,DEF,Arsenal,0.2,0,0,14,0,14.3,16,24,5,0,3.6,19.8,2021-08-28T11:30:00Z,90,12,0,0,0,0,3,0,413442,0,5,2,0,-121781,8997,130778,49,FALSE,0,3
Adam Webster,DEF,Brighton,2.7,0,0,14,0,2.5,61,22,2,0,3.5,32.6,2021-08-28T14:00:00Z,90,8,0,0,0,0,3,0,47355,2,0,0,1,1553,6268,4715,45,TRUE,0,3
Matthew Pollock,DEF,Watford,-1,0,0,0,0,0,454,27,0,0,0,0,2021-08-29T13:00:00Z,0,17,0,0,0,0,3,0,61701,0,1,0,0,-3442,2288,5730,40,FALSE,0,3
Ki-Jana Hoever,DEF,Wolves,-0.2,0,0,0,0,0,443,30,0,0,0,0,2021-08-29T15:30:00Z,0,13,0,0,0,0,3,0,177788,1,0,0,0,1692,19903,18211,40,TRUE,0,3
Aaron Wan-Bissaka,DEF,Man Utd,4.5,0,2,31,1,3.1,288,30,0,0,2,17,2021-08-29T15:30:00Z,90,20,0,0,0,0,3,0,654005,1,0,0,8,-66740,11302,78042,55,FALSE,0,3
Joël Veltman,DEF,Brighton,0,0,0,8,0,22.6,62,22,1,0,3.5,9.8,2021-08-28T14:00:00Z,45,8,0,0,0,0,3,0,145679,2,0,3,1,-75572,550,76122,44,TRUE,0,3
Ben Godfrey,DEF,Everton,0,0,0,0,0,0,179,22,0,0,0,0,2021-08-28T14:00:00Z,0,4,0,0,0,0,3,0,55256,2,0,0,0,-13864,1419,15283,49,FALSE,0,3
Lewis Dunk,DEF,Brighton,3,0,0,17,0,1.5,59,22,2,0,1.6,14.8,2021-08-28T14:00:00Z,90,8,0,0,0,0,3,0,425832,2,0,0,1,-17882,19294,37176,50,TRUE,0,3
Kyle Walker,DEF,Man City,2.8,0,0,5,0,4.5,249,24,0,0,0.6,1.4,2021-08-28T11:30:00Z,45,1,0,0,0,0,3,0,454552,0,5,0,1,13112,41443,28331,55,TRUE,0,3
Marc Navarro,DEF,Watford,-1,0,0,0,0,0,398,27,0,0,0,0,2021-08-29T13:00:00Z,0,17,0,0,0,0,3,0,51504,0,1,0,0,-4557,1102,5659,40,FALSE,0,3
Japhet Tanganga,DEF,Spurs,6.7,0,0,25,1,29,371,27,0,0,8.6,17.8,2021-08-29T13:00:00Z,90,18,0,0,0,0,3,0,205349,0,1,39,6,87778,106498,18720,45,TRUE,0,3
Tariq Lamptey,DEF,Brighton,0,0,0,0,0,0,71,22,0,0,0,0,2021-08-28T14:00:00Z,0,8,0,0,0,0,3,0,30176,2,0,0,0,-5156,658,5814,45,TRUE,0,3
Héctor Junior Firpo Adames,DEF,Leeds,0.2,0,0,0,0,0,463,29,0,0,0,0,2021-08-29T13:00:00Z,0,5,0,0,0,0,3,0,52669,1,1,0,0,-9159,2024,11183,49,FALSE,0,3
Trent Alexander-Arnold,DEF,Liverpool,7.3,0,2,24,0,76.6,237,23,1,0,13.3,27,2021-08-28T16:30:00Z,90,6,0,0,0,0,3,0,2561556,1,1,29,4,54202,153694,99492,75,TRUE,0,3
Ricardo Domingos Barbosa Pereira,DEF,Leicester,6,1,0,18,0,10.3,207,26,0,0,2.8,18,2021-08-28T14:00:00Z,10,15,0,0,0,0,3,0,434559,2,1,0,4,10504,73078,62574,55,FALSE,0,3
James Tarkowski,DEF,Burnley,2.5,0,0,12,0,0.1,98,29,1,0,4.4,25.2,2021-08-29T13:00:00Z,90,10,0,0,0,0,3,0,116507,1,1,19,2,-5061,7598,12659,50,TRUE,0,3
Cheikhou Kouyaté,DEF,Crystal Palace,2.5,0,0,17,0,1.8,150,28,2,0,1.8,16.6,2021-08-28T14:00:00Z,90,19,0,0,0,0,3,0,42760,2,2,0,1,1208,5677,4469,45,FALSE,0,3
Kristoffer Ajer,DEF,Brentford,4.2,0,0,10,0,3.5,483,21,1,0,2.2,14.6,2021-08-28T14:00:00Z,90,2,0,0,0,0,3,0,73855,1,1,4,2,8091,13571,5480,45,FALSE,0,3
Matthew Lowton,DEF,Burnley,2.2,1,1,24,0,11.1,110,29,1,0,6.6,36.4,2021-08-29T13:00:00Z,90,10,0,0,0,0,3,0,152267,1,1,18,6,-17711,3107,20818,45,TRUE,0,3
Rúben Santos Gato Alves Dias,DEF,Man City,6.8,0,0,30,1,26,262,24,0,0,4.5,17.2,2021-08-28T11:30:00Z,90,1,0,0,0,0,3,0,2029902,0,5,2,6,89485,164611,75126,60,TRUE,0,3
William Troost-Ekong,DEF,Watford,0.3,0,0,12,0,0.3,387,27,1,0,1.2,11.8,2021-08-29T13:00:00Z,90,17,0,0,0,0,3,0,8399,0,1,0,2,-1024,260,1284,45,FALSE,0,3
Conor Coady,DEF,Wolves,1.5,0,0,13,0,0,429,30,1,0,1.3,6.8,2021-08-29T15:30:00Z,86,13,0,0,0,0,3,0,467115,1,0,6,2,-33392,16170,49562,45,TRUE,0,3
Haydon Roberts,DEF,Brighton,0,0,0,0,0,0,560,22,0,0,0,0,2021-08-28T14:00:00Z,0,8,0,0,0,0,3,0,4927,2,0,0,0,2536,3119,583,40,TRUE,0,3
Craig Cathcart,DEF,Watford,0,0,0,7,0,0.4,379,27,1,0,2.7,24.2,2021-08-29T13:00:00Z,50,17,0,0,0,0,3,0,10978,0,1,2,1,-1366,411,1777,45,FALSE,0,3
Gabriel Magalhães,DEF,Arsenal,-0.2,0,0,0,0,0,23,24,0,0,0,0,2021-08-28T11:30:00Z,0,12,0,0,0,0,3,0,4686,0,5,0,0,-786,196,982,50,FALSE,0,3
Francisco Sierralta,DEF,Watford,-0.3,0,0,15,0,0.1,396,27,1,0,1.6,15.8,2021-08-29T13:00:00Z,90,17,0,0,0,0,3,0,9437,0,1,0,2,-2500,120,2620,44,FALSE,0,3
Calum Chambers,DEF,Arsenal,-0.2,0,0,13,0,0.4,10,24,5,0,3.3,32.2,2021-08-28T11:30:00Z,90,12,0,0,0,0,3,0,26344,0,5,0,0,-4022,1037,5059,44,FALSE,0,3
Jonathan Castro Otto,DEF,Wolves,0,0,0,0,0,0,433,30,0,0,0,0,2021-08-29T15:30:00Z,0,13,0,0,0,0,3,0,433,1,0,0,0,-19,48,67,45,TRUE,0,3
James Tomkins,DEF,Crystal Palace,-0.5,0,0,0,0,0,147,28,0,0,0,0,2021-08-28T14:00:00Z,0,19,0,0,0,0,3,0,9599,2,2,0,0,-1195,233,1428,45,FALSE,0,3
Ezri Konsa Ngoyo,DEF,Aston Villa,3.5,0,0,7,0,0,45,21,1,0,1.5,9.4,2021-08-28T14:00:00Z,88,3,0,0,0,0,3,0,77856,1,1,6,2,-1592,4713,6305,50,TRUE,0,3
Christian Marques,DEF,Wolves,-0.5,0,0,0,0,0,549,30,0,0,0,0,2021-08-29T15:30:00Z,0,13,0,0,0,0,3,0,24140,1,0,0,0,4228,7113,2885,40,TRUE,0,3
Nathan Aké,DEF,Man City,1.2,0,0,0,0,0,258,24,0,0,0,0,2021-08-28T11:30:00Z,0,1,0,0,0,0,3,0,36150,0,5,0,0,-8150,2617,10767,50,TRUE,0,3
Jonjoe Kenny,DEF,Everton,0,0,0,0,0,0,502,22,0,0,0,0,2021-08-28T14:00:00Z,0,4,0,0,0,0,3,0,5781,2,0,0,0,-590,304,894,45,FALSE,0,3
Angelo Ogbonna,DEF,West Ham,1.8,0,0,12,0,0.8,409,28,2,0,1.1,7.8,2021-08-28T14:00:00Z,90,7,0,0,0,0,3,0,14331,2,2,2,1,1568,2891,1323,50,TRUE,0,3
Rob Holding,DEF,Arsenal,-0.5,0,0,17,0,0.2,14,24,5,0,3.6,36,2021-08-28T11:30:00Z,90,12,0,0,0,0,3,0,103894,0,5,0,0,-21176,3519,24695,44,FALSE,0,3
Seamus Coleman,DEF,Everton,4,1,1,30,1,1.3,165,22,0,0,1.2,6.8,2021-08-28T14:00:00Z,90,4,0,0,0,0,3,0,49854,2,0,4,10,-4426,4691,9117,50,FALSE,0,3
Sergio Reguilón,DEF,Spurs,8.3,0,3,31,1,17.4,370,27,0,0,4.1,13.8,2021-08-29T13:00:00Z,90,18,0,0,0,0,3,0,585442,0,1,10,9,204205,242277,38072,51,TRUE,0,3
Timothy Castagne,DEF,Leicester,1.7,0,0,9,0,1.8,209,26,1,0,0.9,7,2021-08-28T14:00:00Z,79,15,0,0,0,0,3,0,61318,2,1,0,2,-6115,2948,9063,54,FALSE,0,3
Joachim Andersen,DEF,Crystal Palace,1.8,0,0,16,0,24.7,488,28,2,0,5.7,25.8,2021-08-28T14:00:00Z,90,19,0,0,0,0,3,0,34896,2,2,6,1,-1441,1510,2951,45,FALSE,0,3
Yerson Mosquera Valdelamar,DEF,Wolves,-0.4,0,0,0,0,0,446,30,0,0,0,0,2021-08-29T15:30:00Z,0,13,0,0,0,0,3,0,1790,1,0,0,0,-251,40,291,45,TRUE,0,3
Tyrick Mitchell,DEF,Crystal Palace,2.2,0,0,12,0,15.1,162,28,2,0,3.3,16.2,2021-08-28T14:00:00Z,90,19,0,0,0,0,3,0,48034,2,2,2,1,-3251,3391,6642,45,FALSE,0,3
Andreas Christensen,DEF,Chelsea,5,0,0,16,0,0.3,133,23,1,0,2.2,22,2021-08-28T16:30:00Z,90,11,0,0,0,0,3,0,129519,1,1,0,2,19640,35495,15855,50,FALSE,0,3
Victor Lindelöf,DEF,Man Utd,2.8,0,0,0,0,0,284,30,0,0,0,0,2021-08-29T15:30:00Z,0,20,0,0,0,0,3,0,61246,1,0,0,0,-2870,4582,7452,50,FALSE,0,3
Jannik Vestergaard,DEF,Leicester,0,0,0,0,0,0,340,26,0,0,0,0,2021-08-28T14:00:00Z,0,15,0,0,0,0,3,0,79661,2,1,0,0,-28654,2444,31098,50,FALSE,0,3
Javier Manquillo,DEF,Newcastle,-0.5,0,0,0,0,0,302,25,0,0,0,0,2021-08-28T14:00:00Z,0,16,0,0,0,0,3,0,623565,2,2,0,0,-59059,12612,71671,40,TRUE,0,3
Romain Perraud,DEF,Southampton,1.5,0,0,0,0,0,460,25,0,0,0,0,2021-08-28T14:00:00Z,0,14,0,0,0,0,3,0,8668,2,2,0,0,46,1142,1096,50,FALSE,0,3
Ben Davies,DEF,Spurs,1,0,0,0,0,0,364,27,0,0,0,0,2021-08-29T13:00:00Z,0,18,0,0,0,0,3,0,20070,0,1,0,0,-2494,788,3282,45,TRUE,0,3
Martin Kelly,DEF,Crystal Palace,-0.5,0,0,0,0,0,151,28,0,0,0,0,2021-08-28T14:00:00Z,0,19,0,0,0,0,3,0,83861,2,2,0,0,-6180,2828,9008,40,FALSE,0,3
Bernardo Fernandes Da Silva Junior,DEF,Brighton,0,0,0,0,0,0,68,22,0,0,0,0,2021-08-28T14:00:00Z,0,8,0,0,0,0,3,0,781,2,0,0,0,-83,0,83,40,TRUE,0,3
Luke Ayling,DEF,Leeds,3.5,0,0,12,0,2.9,185,29,1,0,1.6,13.4,2021-08-29T13:00:00Z,90,5,0,0,0,0,3,0,1017292,1,1,0,2,40545,118028,77483,45,FALSE,0,3
Mads Roerslev Rasmussen,DEF,Brentford,-0.5,0,0,0,0,0,89,21,0,0,0,0,2021-08-28T14:00:00Z,0,2,0,0,0,0,3,0,5123,1,1,0,0,-939,259,1198,44,FALSE,0,3
Jonny Evans,DEF,Leicester,0,0,0,0,0,0,201,26,0,0,0,0,2021-08-28T14:00:00Z,0,15,0,0,0,0,3,0,11680,2,1,0,0,-2008,187,2195,55,FALSE,0,3
Joe Rodon,DEF,Spurs,0,0,0,0,0,0,374,27,0,0,0,0,2021-08-29T13:00:00Z,0,18,0,0,0,0,3,0,6178,0,1,0,0,-2458,46,2504,44,TRUE,0,3
Finley Stevens,DEF,Brentford,0.5,0,0,0,0,0,569,21,0,0,0,0,2021-08-28T14:00:00Z,0,2,0,0,0,0,3,0,0,1,1,0,0,0,0,0,40,FALSE,0,3
Erik Pieters,DEF,Burnley,-0.2,0,0,0,0,0,100,29,0,0,0,0,2021-08-29T13:00:00Z,0,10,0,0,0,0,3,0,12528,1,1,0,0,-1384,301,1685,45,TRUE,0,3
Michael Keane,DEF,Everton,3,0,0,22,1,0.3,169,22,0,0,2.8,27.6,2021-08-28T14:00:00Z,90,4,0,0,0,0,3,0,187748,2,0,0,6,-20233,6562,26795,50,FALSE,0,3
Adam Masina,DEF,Watford,0.3,0,0,18,0,19.7,390,27,1,0,4.8,28.4,2021-08-29T13:00:00Z,90,17,0,0,0,0,3,0,8448,0,1,0,2,-1008,312,1320,45,FALSE,0,3
Ryan Sessegnon,DEF,Spurs,1,0,0,0,0,0,368,27,0,0,0,0,2021-08-29T13:00:00Z,0,18,0,0,0,0,3,0,10343,0,1,0,0,-1373,266,1639,44,TRUE,0,3
Daniel Amartey,DEF,Leicester,3.7,0,0,16,0,11.1,208,26,1,0,2.9,18.2,2021-08-28T14:00:00Z,90,15,0,0,0,0,3,0,1398589,2,1,0,2,79847,159602,79755,41,FALSE,0,3
César Azpilicueta,DEF,Chelsea,4.7,0,0,16,0,5.4,119,23,1,0,4.3,34,2021-08-28T16:30:00Z,90,11,0,0,0,0,3,0,306416,1,1,4,2,-12621,13353,25974,60,FALSE,0,3
Dan Burn,DEF,Brighton,0,0,0,0,0,0,58,22,0,0,0,0,2021-08-28T14:00:00Z,0,8,0,0,0,0,3,0,2106,2,0,0,0,-343,80,423,45,TRUE,0,3
Andrew Omobamidele,DEF,Norwich,-1,0,0,0,0,0,331,26,0,0,0,0,2021-08-28T14:00:00Z,0,9,0,0,0,0,3,0,96417,2,1,0,0,-9439,2033,11472,40,TRUE,0,3
Ryan Bertrand,DEF,Leicester,1,0,0,0,0,0,473,26,0,0,0,0,2021-08-28T14:00:00Z,0,15,0,0,0,0,3,0,76869,2,1,0,0,-25439,1530,26969,49,FALSE,0,3
Lucas Digne,DEF,Everton,2.7,0,0,19,1,6.8,168,22,0,0,2.1,4,2021-08-28T14:00:00Z,90,4,0,0,0,0,3,0,1114963,2,0,10,6,-213807,29188,242995,55,FALSE,0,3
Sead Kolasinac,DEF,Arsenal,-0.8,0,0,3,0,0,11,24,5,0,0.4,4,2021-08-28T11:30:00Z,90,12,0,0,0,0,3,0,8749,0,5,0,-1,-1098,362,1460,44,FALSE,1,3
Craig Dawson,DEF,West Ham,1.8,0,0,17,0,0.8,414,28,2,0,6.3,26.6,2021-08-28T14:00:00Z,90,7,0,0,0,0,3,0,30911,2,2,36,1,5009,8110,3101,50,TRUE,0,3
Ben White,DEF,Arsenal,-0.1,0,0,0,0,0,67,24,0,0,0,0,2021-08-28T11:30:00Z,0,12,0,0,0,0,3,0,1121034,0,5,0,0,-439383,8702,448085,44,FALSE,0,3
Thiago Emiliano da Silva,DEF,Chelsea,0.3,0,0,9,0,0,121,23,0,0,3.1,30.8,2021-08-28T16:30:00Z,45,11,0,0,0,0,3,0,173055,1,1,0,1,-42841,3013,45854,54,FALSE,0,3
Kurt Zouma,DEF,West Ham,0,0,0,0,0,0,128,28,0,0,0,0,2021-08-28T14:00:00Z,0,7,0,0,0,0,3,0,65227,2,2,0,0,-20687,782,4218,54,TRUE,0,3
Aaron Cresswell,DEF,West Ham,5.2,1,1,26,0,17.2,411,28,2,0,3.9,20.2,2021-08-28T14:00:00Z,90,7,0,0,0,0,3,0,1402594,2,2,2,5,24456,117301,92845,55,TRUE,0,3
Federico Fernández,DEF,Newcastle,0.2,0,0,11,0,0,465,25,2,0,3.3,33.4,2021-08-28T14:00:00Z,90,16,0,0,0,0,3,0,16143,2,2,0,1,-978,1115,2093,45,TRUE,0,3
Mohammed Salisu,DEF,Southampton,2.2,0,0,16,0,12.3,351,25,2,0,6,27.6,2021-08-28T14:00:00Z,90,14,0,0,0,0,3,0,11280,2,2,20,1,2703,3996,1293,45,FALSE,0,3
Matt Ritchie,DEF,Newcastle,1.2,0,0,12,0,11.3,292,25,2,0,2.6,10.4,2021-08-28T14:00:00Z,90,16,0,0,0,0,3,0,26614,2,2,4,1,208,4934,4726,50,TRUE,0,3
Ryan Fredericks,DEF,West Ham,0.8,0,0,0,0,0,415,28,0,0,0,0,2021-08-28T14:00:00Z,0,7,0,0,0,0,3,0,10821,2,2,0,0,-996,582,1578,45,TRUE,0,3